[{"model": "admin.logentry", "pk": 1, "fields": {"action_time": "2022-08-06T19:47:27.656Z", "user": 1, "content_type": 13, "object_id": "2", "object_repr": "trucuzzn", "action_flag": 2, "change_message": "[{\"changed\": {\"fields\": [\"Connections\"]}}]"}}, {"model": "admin.logentry", "pk": 2, "fields": {"action_time": "2022-08-06T19:47:41.432Z", "user": 1, "content_type": 13, "object_id": "1", "object_repr": "achaney55", "action_flag": 2, "change_message": "[{\"changed\": {\"fields\": [\"Connections\"]}}]"}}, {"model": "admin.logentry", "pk": 3, "fields": {"action_time": "2022-08-06T19:49:56.590Z", "user": 1, "content_type": 13, "object_id": "1", "object_repr": "achaney55", "action_flag": 2, "change_message": "[{\"changed\": {\"fields\": [\"Connections\"]}}]"}}, {"model": "admin.logentry", "pk": 4, "fields": {"action_time": "2022-08-08T19:43:52.110Z", "user": 1, "content_type": 7, "object_id": "21", "object_repr": "aus.chaney@gmail.com( 2022-08-08 19:43): what’s yp...", "action_flag": 3, "change_message": ""}}, {"model": "admin.logentry", "pk": 5, "fields": {"action_time": "2022-08-08T19:43:52.111Z", "user": 1, "content_type": 7, "object_id": "17", "object_repr": "trucuzzn@gmail.com( 2022-08-08 01:37): Hello Austin Chaney ...", "action_flag": 3, "change_message": ""}}, {"model": "admin.logentry", "pk": 6, "fields": {"action_time": "2022-08-08T19:43:52.112Z", "user": 1, "content_type": 7, "object_id": "16", "object_repr": "aus.chaney@gmail.com( 2022-08-08 01:37): hello...", "action_flag": 3, "change_message": ""}}, {"model": "admin.logentry", "pk": 7, "fields": {"action_time": "2022-08-08T19:43:52.114Z", "user": 1, "content_type": 7, "object_id": "15", "object_repr": "aus.chaney@gmail.com( 2022-08-07 03:55): testing...", "action_flag": 3, "change_message": ""}}, {"model": "admin.logentry", "pk": 8, "fields": {"action_time": "2022-08-08T19:43:52.116Z", "user": 1, "content_type": 7, "object_id": "13", "object_repr": "trucuzzn@gmail.com( 2022-08-07 02:58): This is pretty cool...", "action_flag": 3, "change_message": ""}}, {"model": "admin.logentry", "pk": 9, "fields": {"action_time": "2022-08-08T19:43:52.117Z", "user": 1, "content_type": 7, "object_id": "12", "object_repr": "trucuzzn@gmail.com( 2022-08-07 02:58): This is pretty cool...", "action_flag": 3, "change_message": ""}}, {"model": "admin.logentry", "pk": 10, "fields": {"action_time": "2022-08-08T19:43:52.118Z", "user": 1, "content_type": 7, "object_id": "11", "object_repr": "trucuzzn@gmail.com( 2022-08-07 02:58): This is pretty cool...", "action_flag": 3, "change_message": ""}}, {"model": "admin.logentry", "pk": 11, "fields": {"action_time": "2022-08-08T19:43:52.119Z", "user": 1, "content_type": 7, "object_id": "10", "object_repr": "trucuzzn@gmail.com( 2022-08-07 02:58): This is pretty cool...", "action_flag": 3, "change_message": ""}}, {"model": "admin.logentry", "pk": 12, "fields": {"action_time": "2022-08-08T19:43:52.120Z", "user": 1, "content_type": 7, "object_id": "9", "object_repr": "trucuzzn@gmail.com( 2022-08-07 02:58): This is pretty cool...", "action_flag": 3, "change_message": ""}}, {"model": "admin.logentry", "pk": 13, "fields": {"action_time": "2022-08-08T19:43:52.121Z", "user": 1, "content_type": 7, "object_id": "8", "object_repr": "trucuzzn@gmail.com( 2022-08-07 02:58): This is pretty cool...", "action_flag": 3, "change_message": ""}}, {"model": "admin.logentry", "pk": 14, "fields": {"action_time": "2022-08-08T19:43:52.122Z", "user": 1, "content_type": 7, "object_id": "7", "object_repr": "trucuzzn@gmail.com( 2022-08-07 02:58): This is pretty cool...", "action_flag": 3, "change_message": ""}}, {"model": "admin.logentry", "pk": 15, "fields": {"action_time": "2022-08-08T19:43:52.123Z", "user": 1, "content_type": 7, "object_id": "6", "object_repr": "trucuzzn@gmail.com( 2022-08-07 02:58): This is pretty cool...", "action_flag": 3, "change_message": ""}}, {"model": "admin.logentry", "pk": 16, "fields": {"action_time": "2022-08-08T19:43:52.124Z", "user": 1, "content_type": 7, "object_id": "5", "object_repr": "trucuzzn@gmail.com( 2022-08-07 02:58): This is pretty cool...", "action_flag": 3, "change_message": ""}}, {"model": "admin.logentry", "pk": 17, "fields": {"action_time": "2022-08-08T19:43:52.125Z", "user": 1, "content_type": 7, "object_id": "4", "object_repr": "trucuzzn@gmail.com( 2022-08-07 02:58): This is pretty cool...", "action_flag": 3, "change_message": ""}}, {"model": "admin.logentry", "pk": 18, "fields": {"action_time": "2022-08-09T00:32:24.276Z", "user": 1, "content_type": 7, "object_id": "24", "object_repr": "aus.chaney@gmail.com( 2022-08-08 22:35): I fixed home! Then profile bro...", "action_flag": 3, "change_message": ""}}, {"model": "admin.logentry", "pk": 19, "fields": {"action_time": "2022-08-09T00:32:24.278Z", "user": 1, "content_type": 7, "object_id": "23", "object_repr": "aus.chaney@gmail.com( 2022-08-08 22:35): I fixed home! Then profile bro...", "action_flag": 3, "change_message": ""}}, {"model": "admin.logentry", "pk": 20, "fields": {"action_time": "2022-08-11T02:03:53.839Z", "user": 1, "content_type": 7, "object_id": "27", "object_repr": "aus.chaney@gmail.com( 2022-08-11 01:22): test...", "action_flag": 3, "change_message": ""}}, {"model": "admin.logentry", "pk": 21, "fields": {"action_time": "2022-08-12T01:49:30.312Z", "user": 1, "content_type": 13, "object_id": "4", "object_repr": "RoboCop", "action_flag": 2, "change_message": "[{\"changed\": {\"fields\": [\"Connections\"]}}]"}}, {"model": "admin.logentry", "pk": 22, "fields": {"action_time": "2022-08-12T01:49:43.482Z", "user": 1, "content_type": 13, "object_id": "1", "object_repr": "achaney55", "action_flag": 2, "change_message": "[{\"changed\": {\"fields\": [\"Connections\"]}}]"}}, {"model": "admin.logentry", "pk": 23, "fields": {"action_time": "2022-08-13T15:18:34.352Z", "user": 1, "content_type": 7, "object_id": "36", "object_repr": "aus.chaney@gmail.com( 2022-08-13 14:23): oh no, i know what’s wrong, th...", "action_flag": 3, "change_message": ""}}, {"model": "admin.logentry", "pk": 24, "fields": {"action_time": "2022-08-13T15:18:34.354Z", "user": 1, "content_type": 7, "object_id": "34", "object_repr": "aus.chaney@gmail.com( 2022-08-13 14:22): My post posted twice again...", "action_flag": 3, "change_message": ""}}, {"model": "admin.logentry", "pk": 25, "fields": {"action_time": "2022-08-13T15:18:34.355Z", "user": 1, "content_type": 7, "object_id": "32", "object_repr": "aus.chaney@gmail.com( 2022-08-13 14:22): search didn’t work...", "action_flag": 3, "change_message": ""}}, {"model": "admin.logentry", "pk": 26, "fields": {"action_time": "2022-08-25T03:20:30.744Z", "user": 1, "content_type": 7, "object_id": "49", "object_repr": "zachdtilley@gmail.com( 2022-08-25 03:19): ...", "action_flag": 3, "change_message": ""}}, {"model": "admin.logentry", "pk": 27, "fields": {"action_time": "2022-08-25T05:29:27.760Z", "user": 1, "content_type": 16, "object_id": "6", "object_repr": "Customizations object (6)", "action_flag": 2, "change_message": "[{\"changed\": {\"fields\": [\"Image uploaded\", \"Image\"]}}]"}}, {"model": "admin.logentry", "pk": 28, "fields": {"action_time": "2022-08-25T05:30:15.482Z", "user": 1, "content_type": 16, "object_id": "6", "object_repr": "Customizations object (6)", "action_flag": 2, "change_message": "[{\"changed\": {\"fields\": [\"Background image\"]}}]"}}, {"model": "admin.logentry", "pk": 29, "fields": {"action_time": "2022-08-25T05:31:48.578Z", "user": 1, "content_type": 16, "object_id": "6", "object_repr": "Customizations object (6)", "action_flag": 2, "change_message": "[{\"changed\": {\"fields\": [\"Bit background\", \"Accent color\"]}}]"}}, {"model": "admin.logentry", "pk": 30, "fields": {"action_time": "2022-08-26T04:06:23.145Z", "user": 1, "content_type": 13, "object_id": "1", "object_repr": "achaney55", "action_flag": 2, "change_message": "[{\"changed\": {\"fields\": [\"Icon color\"]}}]"}}, {"model": "admin.logentry", "pk": 31, "fields": {"action_time": "2022-08-26T04:07:03.436Z", "user": 1, "content_type": 13, "object_id": "1", "object_repr": "achaney55", "action_flag": 2, "change_message": "[{\"changed\": {\"fields\": [\"Icon color\"]}}]"}}, {"model": "admin.logentry", "pk": 32, "fields": {"action_time": "2022-08-26T04:07:52.821Z", "user": 1, "content_type": 13, "object_id": "1", "object_repr": "achaney55", "action_flag": 2, "change_message": "[{\"changed\": {\"fields\": [\"Icon color\"]}}]"}}, {"model": "admin.logentry", "pk": 33, "fields": {"action_time": "2022-09-02T04:50:40.972Z", "user": 1, "content_type": 7, "object_id": "61", "object_repr": "aus.chaney@gmail.com( 2022-09-02 04:49): https://youtu.be/dQw4w9WgXcQ...", "action_flag": 3, "change_message": ""}}, {"model": "admin.logentry", "pk": 34, "fields": {"action_time": "2022-09-03T04:21:18.486Z", "user": 1, "content_type": 7, "object_id": "64", "object_repr": "aus.chaney@gmail.com( 2022-09-02 14:50): https://youtu.be/NA3Outfs7K8...", "action_flag": 3, "change_message": ""}}, {"model": "admin.logentry", "pk": 35, "fields": {"action_time": "2022-09-03T17:34:05.935Z", "user": 1, "content_type": 13, "object_id": "8", "object_repr": "Achaney25", "action_flag": 3, "change_message": ""}}, {"model": "admin.logentry", "pk": 36, "fields": {"action_time": "2022-09-03T17:34:35.027Z", "user": 1, "content_type": 6, "object_id": "8", "object_repr": "aus.chaney@hotmail.com", "action_flag": 3, "change_message": ""}}, {"model": "admin.logentry", "pk": 37, "fields": {"action_time": "2022-09-03T17:35:10.131Z", "user": 1, "content_type": 7, "object_id": "66", "object_repr": "zachdtilley@gmail.com( 2022-09-03 16:04): ...", "action_flag": 3, "change_message": ""}}, {"model": "admin.logentry", "pk": 38, "fields": {"action_time": "2022-09-07T00:11:33.698Z", "user": 1, "content_type": 19, "object_id": "1", "object_repr": "PrivacySettings object (1)", "action_flag": 1, "change_message": "[{\"added\": {}}]"}}, {"model": "admin.logentry", "pk": 39, "fields": {"action_time": "2022-09-07T00:11:39.598Z", "user": 1, "content_type": 19, "object_id": "2", "object_repr": "PrivacySettings object (2)", "action_flag": 1, "change_message": "[{\"added\": {}}]"}}, {"model": "admin.logentry", "pk": 40, "fields": {"action_time": "2022-09-07T00:11:45.143Z", "user": 1, "content_type": 19, "object_id": "3", "object_repr": "PrivacySettings object (3)", "action_flag": 1, "change_message": "[{\"added\": {}}]"}}, {"model": "admin.logentry", "pk": 41, "fields": {"action_time": "2022-09-07T00:11:51.582Z", "user": 1, "content_type": 19, "object_id": "4", "object_repr": "PrivacySettings object (4)", "action_flag": 1, "change_message": "[{\"added\": {}}]"}}, {"model": "admin.logentry", "pk": 42, "fields": {"action_time": "2022-09-07T00:11:58.399Z", "user": 1, "content_type": 19, "object_id": "5", "object_repr": "PrivacySettings object (5)", "action_flag": 1, "change_message": "[{\"added\": {}}]"}}, {"model": "admin.logentry", "pk": 43, "fields": {"action_time": "2022-09-07T00:12:04.698Z", "user": 1, "content_type": 19, "object_id": "6", "object_repr": "PrivacySettings object (6)", "action_flag": 1, "change_message": "[{\"added\": {}}]"}}, {"model": "admin.logentry", "pk": 44, "fields": {"action_time": "2022-09-07T00:12:09.702Z", "user": 1, "content_type": 19, "object_id": "7", "object_repr": "PrivacySettings object (7)", "action_flag": 1, "change_message": "[{\"added\": {}}]"}}, {"model": "admin.logentry", "pk": 45, "fields": {"action_time": "2022-09-07T00:12:15.740Z", "user": 1, "content_type": 19, "object_id": "8", "object_repr": "PrivacySettings object (8)", "action_flag": 1, "change_message": "[{\"added\": {}}]"}}, {"model": "admin.logentry", "pk": 46, "fields": {"action_time": "2022-09-07T00:12:22.981Z", "user": 1, "content_type": 19, "object_id": "9", "object_repr": "PrivacySettings object (9)", "action_flag": 1, "change_message": "[{\"added\": {}}]"}}, {"model": "admin.logentry", "pk": 47, "fields": {"action_time": "2022-09-07T22:17:18.134Z", "user": 1, "content_type": 7, "object_id": "74", "object_repr": "corbinlist@gmail.com( 2022-09-07 21:23): Stuff...", "action_flag": 2, "change_message": "[{\"changed\": {\"fields\": [\"Image\", \"Body\"]}}]"}}, {"model": "admin.logentry", "pk": 48, "fields": {"action_time": "2022-09-07T22:18:00.028Z", "user": 1, "content_type": 7, "object_id": "74", "object_repr": "corbinlist@gmail.com( 2022-09-07 21:23): Stuff...", "action_flag": 2, "change_message": "[{\"changed\": {\"fields\": [\"Bit type\"]}}]"}}, {"model": "admin.logentry", "pk": 49, "fields": {"action_time": "2022-09-07T22:52:43.973Z", "user": 1, "content_type": 13, "object_id": "4", "object_repr": "RoboCop", "action_flag": 2, "change_message": "[{\"changed\": {\"fields\": [\"Accent color\"]}}]"}}, {"model": "admin.logentry", "pk": 50, "fields": {"action_time": "2022-09-11T23:57:04.948Z", "user": 1, "content_type": 13, "object_id": "11", "object_repr": "willc66666", "action_flag": 2, "change_message": "[{\"changed\": {\"fields\": [\"Image\", \"Background image\"]}}]"}}, {"model": "admin.logentry", "pk": 51, "fields": {"action_time": "2022-09-17T04:11:04.179Z", "user": 1, "content_type": 6, "object_id": "6", "object_repr": "zachdtilley@gmail.com", "action_flag": 2, "change_message": "[{\"changed\": {\"fields\": [\"Is admin\", \"Is staff\"]}}]"}}, {"model": "admin.logentry", "pk": 52, "fields": {"action_time": "2022-09-25T02:28:52.141Z", "user": 1, "content_type": 7, "object_id": "96", "object_repr": "corbinlist@gmail.com( 2022-09-24 19:03): ...", "action_flag": 3, "change_message": ""}}, {"model": "auth.permission", "pk": 1, "fields": {"name": "Can add log entry", "content_type": 1, "codename": "add_logentry"}}, {"model": "auth.permission", "pk": 2, "fields": {"name": "Can change log entry", "content_type": 1, "codename": "change_logentry"}}, {"model": "auth.permission", "pk": 3, "fields": {"name": "Can delete log entry", "content_type": 1, "codename": "delete_logentry"}}, {"model": "auth.permission", "pk": 4, "fields": {"name": "Can view log entry", "content_type": 1, "codename": "view_logentry"}}, {"model": "auth.permission", "pk": 5, "fields": {"name": "Can add permission", "content_type": 2, "codename": "add_permission"}}, {"model": "auth.permission", "pk": 6, "fields": {"name": "Can change permission", "content_type": 2, "codename": "change_permission"}}, {"model": "auth.permission", "pk": 7, "fields": {"name": "Can delete permission", "content_type": 2, "codename": "delete_permission"}}, {"model": "auth.permission", "pk": 8, "fields": {"name": "Can view permission", "content_type": 2, "codename": "view_permission"}}, {"model": "auth.permission", "pk": 9, "fields": {"name": "Can add group", "content_type": 3, "codename": "add_group"}}, {"model": "auth.permission", "pk": 10, "fields": {"name": "Can change group", "content_type": 3, "codename": "change_group"}}, {"model": "auth.permission", "pk": 11, "fields": {"name": "Can delete group", "content_type": 3, "codename": "delete_group"}}, {"model": "auth.permission", "pk": 12, "fields": {"name": "Can view group", "content_type": 3, "codename": "view_group"}}, {"model": "auth.permission", "pk": 13, "fields": {"name": "Can add content type", "content_type": 4, "codename": "add_contenttype"}}, {"model": "auth.permission", "pk": 14, "fields": {"name": "Can change content type", "content_type": 4, "codename": "change_contenttype"}}, {"model": "auth.permission", "pk": 15, "fields": {"name": "Can delete content type", "content_type": 4, "codename": "delete_contenttype"}}, {"model": "auth.permission", "pk": 16, "fields": {"name": "Can view content type", "content_type": 4, "codename": "view_contenttype"}}, {"model": "auth.permission", "pk": 17, "fields": {"name": "Can add session", "content_type": 5, "codename": "add_session"}}, {"model": "auth.permission", "pk": 18, "fields": {"name": "Can change session", "content_type": 5, "codename": "change_session"}}, {"model": "auth.permission", "pk": 19, "fields": {"name": "Can delete session", "content_type": 5, "codename": "delete_session"}}, {"model": "auth.permission", "pk": 20, "fields": {"name": "Can view session", "content_type": 5, "codename": "view_session"}}, {"model": "auth.permission", "pk": 21, "fields": {"name": "Can add account", "content_type": 6, "codename": "add_account"}}, {"model": "auth.permission", "pk": 22, "fields": {"name": "Can change account", "content_type": 6, "codename": "change_account"}}, {"model": "auth.permission", "pk": 23, "fields": {"name": "Can delete account", "content_type": 6, "codename": "delete_account"}}, {"model": "auth.permission", "pk": 24, "fields": {"name": "Can view account", "content_type": 6, "codename": "view_account"}}, {"model": "auth.permission", "pk": 25, "fields": {"name": "Can add bit", "content_type": 7, "codename": "add_bit"}}, {"model": "auth.permission", "pk": 26, "fields": {"name": "Can change bit", "content_type": 7, "codename": "change_bit"}}, {"model": "auth.permission", "pk": 27, "fields": {"name": "Can delete bit", "content_type": 7, "codename": "delete_bit"}}, {"model": "auth.permission", "pk": 28, "fields": {"name": "Can view bit", "content_type": 7, "codename": "view_bit"}}, {"model": "auth.permission", "pk": 29, "fields": {"name": "Can add cluster", "content_type": 8, "codename": "add_cluster"}}, {"model": "auth.permission", "pk": 30, "fields": {"name": "Can change cluster", "content_type": 8, "codename": "change_cluster"}}, {"model": "auth.permission", "pk": 31, "fields": {"name": "Can delete cluster", "content_type": 8, "codename": "delete_cluster"}}, {"model": "auth.permission", "pk": 32, "fields": {"name": "Can view cluster", "content_type": 8, "codename": "view_cluster"}}, {"model": "auth.permission", "pk": 33, "fields": {"name": "Can add comment", "content_type": 9, "codename": "add_comment"}}, {"model": "auth.permission", "pk": 34, "fields": {"name": "Can change comment", "content_type": 9, "codename": "change_comment"}}, {"model": "auth.permission", "pk": 35, "fields": {"name": "Can delete comment", "content_type": 9, "codename": "delete_comment"}}, {"model": "auth.permission", "pk": 36, "fields": {"name": "Can view comment", "content_type": 9, "codename": "view_comment"}}, {"model": "auth.permission", "pk": 37, "fields": {"name": "Can add connect request", "content_type": 10, "codename": "add_connectrequest"}}, {"model": "auth.permission", "pk": 38, "fields": {"name": "Can change connect request", "content_type": 10, "codename": "change_connectrequest"}}, {"model": "auth.permission", "pk": 39, "fields": {"name": "Can delete connect request", "content_type": 10, "codename": "delete_connectrequest"}}, {"model": "auth.permission", "pk": 40, "fields": {"name": "Can view connect request", "content_type": 10, "codename": "view_connectrequest"}}, {"model": "auth.permission", "pk": 41, "fields": {"name": "Can add conversation", "content_type": 11, "codename": "add_conversation"}}, {"model": "auth.permission", "pk": 42, "fields": {"name": "Can change conversation", "content_type": 11, "codename": "change_conversation"}}, {"model": "auth.permission", "pk": 43, "fields": {"name": "Can delete conversation", "content_type": 11, "codename": "delete_conversation"}}, {"model": "auth.permission", "pk": 44, "fields": {"name": "Can view conversation", "content_type": 11, "codename": "view_conversation"}}, {"model": "auth.permission", "pk": 45, "fields": {"name": "Can add search history", "content_type": 12, "codename": "add_searchhistory"}}, {"model": "auth.permission", "pk": 46, "fields": {"name": "Can change search history", "content_type": 12, "codename": "change_searchhistory"}}, {"model": "auth.permission", "pk": 47, "fields": {"name": "Can delete search history", "content_type": 12, "codename": "delete_searchhistory"}}, {"model": "auth.permission", "pk": 48, "fields": {"name": "Can view search history", "content_type": 12, "codename": "view_searchhistory"}}, {"model": "auth.permission", "pk": 49, "fields": {"name": "Can add profile", "content_type": 13, "codename": "add_profile"}}, {"model": "auth.permission", "pk": 50, "fields": {"name": "Can change profile", "content_type": 13, "codename": "change_profile"}}, {"model": "auth.permission", "pk": 51, "fields": {"name": "Can delete profile", "content_type": 13, "codename": "delete_profile"}}, {"model": "auth.permission", "pk": 52, "fields": {"name": "Can view profile", "content_type": 13, "codename": "view_profile"}}, {"model": "auth.permission", "pk": 53, "fields": {"name": "Can add notification", "content_type": 14, "codename": "add_notification"}}, {"model": "auth.permission", "pk": 54, "fields": {"name": "Can change notification", "content_type": 14, "codename": "change_notification"}}, {"model": "auth.permission", "pk": 55, "fields": {"name": "Can delete notification", "content_type": 14, "codename": "delete_notification"}}, {"model": "auth.permission", "pk": 56, "fields": {"name": "Can view notification", "content_type": 14, "codename": "view_notification"}}, {"model": "auth.permission", "pk": 57, "fields": {"name": "Can add message", "content_type": 15, "codename": "add_message"}}, {"model": "auth.permission", "pk": 58, "fields": {"name": "Can change message", "content_type": 15, "codename": "change_message"}}, {"model": "auth.permission", "pk": 59, "fields": {"name": "Can delete message", "content_type": 15, "codename": "delete_message"}}, {"model": "auth.permission", "pk": 60, "fields": {"name": "Can view message", "content_type": 15, "codename": "view_message"}}, {"model": "auth.permission", "pk": 61, "fields": {"name": "Can add customizations", "content_type": 16, "codename": "add_customizations"}}, {"model": "auth.permission", "pk": 62, "fields": {"name": "Can change customizations", "content_type": 16, "codename": "change_customizations"}}, {"model": "auth.permission", "pk": 63, "fields": {"name": "Can delete customizations", "content_type": 16, "codename": "delete_customizations"}}, {"model": "auth.permission", "pk": 64, "fields": {"name": "Can view customizations", "content_type": 16, "codename": "view_customizations"}}, {"model": "auth.permission", "pk": 65, "fields": {"name": "Can add feed", "content_type": 17, "codename": "add_feed"}}, {"model": "auth.permission", "pk": 66, "fields": {"name": "Can change feed", "content_type": 17, "codename": "change_feed"}}, {"model": "auth.permission", "pk": 67, "fields": {"name": "Can delete feed", "content_type": 17, "codename": "delete_feed"}}, {"model": "auth.permission", "pk": 68, "fields": {"name": "Can view feed", "content_type": 17, "codename": "view_feed"}}, {"model": "auth.permission", "pk": 69, "fields": {"name": "Can add community", "content_type": 18, "codename": "add_community"}}, {"model": "auth.permission", "pk": 70, "fields": {"name": "Can change community", "content_type": 18, "codename": "change_community"}}, {"model": "auth.permission", "pk": 71, "fields": {"name": "Can delete community", "content_type": 18, "codename": "delete_community"}}, {"model": "auth.permission", "pk": 72, "fields": {"name": "Can view community", "content_type": 18, "codename": "view_community"}}, {"model": "auth.permission", "pk": 73, "fields": {"name": "Can add privacy settings", "content_type": 19, "codename": "add_privacysettings"}}, {"model": "auth.permission", "pk": 74, "fields": {"name": "Can change privacy settings", "content_type": 19, "codename": "change_privacysettings"}}, {"model": "auth.permission", "pk": 75, "fields": {"name": "Can delete privacy settings", "content_type": 19, "codename": "delete_privacysettings"}}, {"model": "auth.permission", "pk": 76, "fields": {"name": "Can view privacy settings", "content_type": 19, "codename": "view_privacysettings"}}, {"model": "auth.permission", "pk": 77, "fields": {"name": "Can add customization", "content_type": 20, "codename": "add_customization"}}, {"model": "auth.permission", "pk": 78, "fields": {"name": "Can change customization", "content_type": 20, "codename": "change_customization"}}, {"model": "auth.permission", "pk": 79, "fields": {"name": "Can delete customization", "content_type": 20, "codename": "delete_customization"}}, {"model": "auth.permission", "pk": 80, "fields": {"name": "Can view customization", "content_type": 20, "codename": "view_customization"}}, {"model": "auth.permission", "pk": 81, "fields": {"name": "Can add receipts", "content_type": 21, "codename": "add_receipts"}}, {"model": "auth.permission", "pk": 82, "fields": {"name": "Can change receipts", "content_type": 21, "codename": "change_receipts"}}, {"model": "auth.permission", "pk": 83, "fields": {"name": "Can delete receipts", "content_type": 21, "codename": "delete_receipts"}}, {"model": "auth.permission", "pk": 84, "fields": {"name": "Can view receipts", "content_type": 21, "codename": "view_receipts"}}, {"model": "contenttypes.contenttype", "pk": 1, "fields": {"app_label": "admin", "model": "logentry"}}, {"model": "contenttypes.contenttype", "pk": 2, "fields": {"app_label": "auth", "model": "permission"}}, {"model": "contenttypes.contenttype", "pk": 3, "fields": {"app_label": "auth", "model": "group"}}, {"model": "contenttypes.contenttype", "pk": 4, "fields": {"app_label": "contenttypes", "model": "contenttype"}}, {"model": "contenttypes.contenttype", "pk": 5, "fields": {"app_label": "sessions", "model": "session"}}, {"model": "contenttypes.contenttype", "pk": 6, "fields": {"app_label": "YourbitAccounts", "model": "account"}}, {"model": "contenttypes.contenttype", "pk": 7, "fields": {"app_label": "social", "model": "bit"}}, {"model": "contenttypes.contenttype", "pk": 8, "fields": {"app_label": "social", "model": "cluster"}}, {"model": "contenttypes.contenttype", "pk": 9, "fields": {"app_label": "social", "model": "comment"}}, {"model": "contenttypes.contenttype", "pk": 10, "fields": {"app_label": "social", "model": "connectrequest"}}, {"model": "contenttypes.contenttype", "pk": 11, "fields": {"app_label": "social", "model": "conversation"}}, {"model": "contenttypes.contenttype", "pk": 12, "fields": {"app_label": "social", "model": "searchhistory"}}, {"model": "contenttypes.contenttype", "pk": 13, "fields": {"app_label": "social", "model": "profile"}}, {"model": "contenttypes.contenttype", "pk": 14, "fields": {"app_label": "social", "model": "notification"}}, {"model": "contenttypes.contenttype", "pk": 15, "fields": {"app_label": "social", "model": "message"}}, {"model": "contenttypes.contenttype", "pk": 16, "fields": {"app_label": "social", "model": "customizations"}}, {"model": "contenttypes.contenttype", "pk": 17, "fields": {"app_label": "social", "model": "feed"}}, {"model": "contenttypes.contenttype", "pk": 18, "fields": {"app_label": "social", "model": "community"}}, {"model": "contenttypes.contenttype", "pk": 19, "fields": {"app_label": "social", "model": "privacysettings"}}, {"model": "contenttypes.contenttype", "pk": 20, "fields": {"app_label": "social", "model": "customization"}}, {"model": "contenttypes.contenttype", "pk": 21, "fields": {"app_label": "social", "model": "receipts"}}, {"model": "sessions.session", "pk": "280e0ha1da6xndaab554at0yjlrl0vch", "fields": {"session_data": ".eJxVjDsOwyAQRO9CHSHA5pcyvc-AFnYJTiKQjF1FuXtsyUXSjea9mTcLsK0lbJ2WMCO7Mskuv12E9KR6AHxAvTeeWl2XOfJD4SftfGpIr9vp_h0U6GVfOzmCMVmYwVkclEFPafQkvPOWNEiTnch7SAJVAjmgiqS9tlaTM1Ja9vkCz2U3XQ:1oZkvg:Hx7Ldf7DOkOR6E8V12PW29Kkg63KDZ4AEQkvE0-Irno", "expire_date": "2022-10-02T03:25:12.556Z"}}, {"model": "sessions.session", "pk": "2e8gkoga0q1fvhamgy7oj36bwlbgtdw7", "fields": {"session_data": ".eJxVjE0OwiAYBe_C2hCwhYJL9z1D8_0hVQNJaVfGu2uTLnT7Zua91ATbmqetyTLNrC7Kq9PvhkAPKTvgO5Rb1VTLusyod0UftOmxsjyvh_t3kKHlbz3YCJ6jIUN9l0IywsGb6MLghmiBiaTvLAXxCVHEyRkTx944GxA4dur9Aex5OHo:1oSVWQ:atq0aNzdxGgVq6b45nDmvgqDhZo41IqbrCcO_HZdNjc", "expire_date": "2022-09-12T03:33:10.967Z"}}, {"model": "sessions.session", "pk": "2fju4n3a4ict1qek521f8hhpc74ezlrz", "fields": {"session_data": ".eJxVjE0OwiAYBe_C2hCwhYJL9z1D8_0hVQNJaVfGu2uTLnT7Zua91ATbmqetyTLNrC7Kq9PvhkAPKTvgO5Rb1VTLusyod0UftOmxsjyvh_t3kKHlbz3YCJ6jIUN9l0IywsGb6MLghmiBiaTvLAXxCVHEyRkTx944GxA4dur9Aex5OHo:1oR3Ic:tv_kg3wqHOXuJqN90OlRN4qAa3uyst4yBq7eqd-AMZE", "expire_date": "2022-09-08T03:12:54.314Z"}}, {"model": "sessions.session", "pk": "2o52gkuyyx3nk05dszct4x4ll6y9yk4u", "fields": {"session_data": ".eJxVjDsOwyAQRO9CHSHA5pcyvc-AFnYJTiKQjF1FuXtsyUXSjea9mTcLsK0lbJ2WMCO7Mskuv12E9KR6AHxAvTeeWl2XOfJD4SftfGpIr9vp_h0U6GVfOzmCMVmYwVkclEFPafQkvPOWNEiTnch7SAJVAjmgiqS9tlaTM1Ja9vkCz2U3XQ:1oXQVp:hQ50FGf8R5Ka31p_OH_C4H9U-BltiiOr86rmj5lSPkE", "expire_date": "2022-09-25T17:12:53.097Z"}}, {"model": "sessions.session", "pk": "37vle4mojg9j688r6hy5ip4s14yexaaj", "fields": {"session_data": ".eJxVjDsOwyAQRO9CHSHA5pcyvc-AFnYJTiKQjF1FuXtsyUXSjea9mTcLsK0lbJ2WMCO7Mskuv12E9KR6AHxAvTeeWl2XOfJD4SftfGpIr9vp_h0U6GVfOzmCMVmYwVkclEFPafQkvPOWNEiTnch7SAJVAjmgiqS9tlaTM1Ja9vkCz2U3XQ:1oLD9a:95Scm27uoBm0z_gFOcf9B-RdLc8ZaF2vTTNWZpCB4xc", "expire_date": "2022-08-23T00:31:26.525Z"}}, {"model": "sessions.session", "pk": "3a8vpscy8nkkrqd3he8xvo1d9u4x84e4", "fields": {"session_data": ".eJxVjE0OwiAYBe_C2hCwhYJL9z1D8_0hVQNJaVfGu2uTLnT7Zua91ATbmqetyTLNrC7Kq9PvhkAPKTvgO5Rb1VTLusyod0UftOmxsjyvh_t3kKHlbz3YCJ6jIUN9l0IywsGb6MLghmiBiaTvLAXxCVHEyRkTx944GxA4dur9Aex5OHo:1oRPm7:JI985mWj4XUDcn11VdyJHMQ_R0m2SQemMw-RZZbIoi8", "expire_date": "2022-09-09T03:12:51.803Z"}}, {"model": "sessions.session", "pk": "3fm5zfarrablyf9u0nrrfveja5ahi6bv", "fields": {"session_data": ".eJxVjEEOwiAQRe_C2hBGpiAu3XsGMjBTqRpISrsy3l2bdKHb_977LxVpXUpcu8xxYnVWR3X43RLlh9QN8J3qrenc6jJPSW-K3mnX18byvOzu30GhXr716AznUwgIEjwasUwITkJIzoo3gzWGLHubwTE6QHRMgN4PDAksjur9AcfJNuI:1ocUFc:0WMO3HWDVNS2NVS65hwCGKpeR-jfM_2ybIgxaLM5IO8", "expire_date": "2022-10-09T16:13:04.569Z"}}, {"model": "sessions.session", "pk": "3mtulomwuhgs03x687lk9xjl5n2rkhpw", "fields": {"session_data": ".eJxVjDsOwyAQRO9CHSHA5pcyvc-AFnYJTiKQjF1FuXtsyUXSjea9mTcLsK0lbJ2WMCO7Mskuv12E9KR6AHxAvTeeWl2XOfJD4SftfGpIr9vp_h0U6GVfOzmCMVmYwVkclEFPafQkvPOWNEiTnch7SAJVAjmgiqS9tlaTM1Ja9vkCz2U3XQ:1ocHMn:LEgLtnmxdtYshklZN_RNJaDsbpV3zVnjiXlQt669LFg", "expire_date": "2022-10-09T02:27:37.395Z"}}, {"model": "sessions.session", "pk": "40t3o54429qb6q8r4sp4now1g3lp120k", "fields": {"session_data": ".eJxVjDsOwyAQRO9CHSHA5pcyvc-AFnYJTiKQjF1FuXtsyUXSjea9mTcLsK0lbJ2WMCO7Mskuv12E9KR6AHxAvTeeWl2XOfJD4SftfGpIr9vp_h0U6GVfOzmCMVmYwVkclEFPafQkvPOWNEiTnch7SAJVAjmgiqS9tlaTM1Ja9vkCz2U3XQ:1oL5LZ:dwGqJqZFbKICN6TWuf4umVuCjXA4pgeFN8zIVQd6Fsk", "expire_date": "2022-08-22T16:11:17.880Z"}}, {"model": "sessions.session", "pk": "4bo1bt0ugveaxpx1j9bkj7a7l1cooukh", "fields": {"session_data": ".eJxVjDsOwyAQRO9CHSHA5pcyvc-AFnYJTiKQjF1FuXtsyUXSjea9mTcLsK0lbJ2WMCO7Mskuv12E9KR6AHxAvTeeWl2XOfJD4SftfGpIr9vp_h0U6GVfOzmCMVmYwVkclEFPafQkvPOWNEiTnch7SAJVAjmgiqS9tlaTM1Ja9vkCz2U3XQ:1oMGku:Ks5MIHJkYlnqR5_yqC-5M2RqcZumlzxFltg8jm70KZk", "expire_date": "2022-08-25T22:34:20.243Z"}}, {"model": "sessions.session", "pk": "4rhbql85lzxjzkhhkuhv9khygydg13pa", "fields": {"session_data": ".eJxVjDsOwyAQRO9CHSHA5pcyvc-AFnYJTiKQjF1FuXtsyUXSjea9mTcLsK0lbJ2WMCO7Mskuv12E9KR6AHxAvTeeWl2XOfJD4SftfGpIr9vp_h0U6GVfOzmCMVmYwVkclEFPafQkvPOWNEiTnch7SAJVAjmgiqS9tlaTM1Ja9vkCz2U3XQ:1oKkct:ublV7lVnmXhir-4MbQZOtGzqC0Xqbmshh_O65jJ-2wQ", "expire_date": "2022-08-21T18:03:47.016Z"}}, {"model": "sessions.session", "pk": "5o80shiuhe66jcbt9syjn1vgn2u0kgis", "fields": {"session_data": ".eJxVjDsOwyAQRO9CHSHA5pcyvc-AFnYJTiKQjF1FuXtsyUXSjea9mTcLsK0lbJ2WMCO7Mskuv12E9KR6AHxAvTeeWl2XOfJD4SftfGpIr9vp_h0U6GVfOzmCMVmYwVkclEFPafQkvPOWNEiTnch7SAJVAjmgiqS9tlaTM1Ja9vkCz2U3XQ:1ocIIv:RVhg4_22eEtEXkDVo7hZfkHRs0tNTGQgBBk496SZHXE", "expire_date": "2022-10-09T03:27:41.576Z"}}, {"model": "sessions.session", "pk": "5upasu68bmf9g5247me8jj0uc6mk2bti", "fields": {"session_data": ".eJxVjDsOwyAQRO9CHSHA5pcyvc-AFnYJTiKQjF1FuXtsyUXSjea9mTcLsK0lbJ2WMCO7Mskuv12E9KR6AHxAvTeeWl2XOfJD4SftfGpIr9vp_h0U6GVfOzmCMVmYwVkclEFPafQkvPOWNEiTnch7SAJVAjmgiqS9tlaTM1Ja9vkCz2U3XQ:1oMHKa:SVfMfTISYNG2qqLjMXGfMieC8qHoZlJo5xmhJlMv75s", "expire_date": "2022-08-25T23:11:12.727Z"}}, {"model": "sessions.session", "pk": "7ky9ae26xygq5i37u4nz7up9k2uaxavd", "fields": {"session_data": ".eJxVjDsOwyAQRO9CHSHA5pcyvc-AFnYJTiKQjF1FuXtsyUXSjea9mTcLsK0lbJ2WMCO7Mskuv12E9KR6AHxAvTeeWl2XOfJD4SftfGpIr9vp_h0U6GVfOzmCMVmYwVkclEFPafQkvPOWNEiTnch7SAJVAjmgiqS9tlaTM1Ja9vkCz2U3XQ:1oL9oJ:yv70kxECaxPi_QjdkpJAj20NHg3-p-DuizF3neXFri4", "expire_date": "2022-08-22T20:57:15.751Z"}}, {"model": "sessions.session", "pk": "7rqg35qwu7qsrk9b81z224h5pvj0k32q", "fields": {"session_data": ".eJxVjE0OwiAYBe_C2hCwhYJL9z1D8_0hVQNJaVfGu2uTLnT7Zua91ATbmqetyTLNrC7Kq9PvhkAPKTvgO5Rb1VTLusyod0UftOmxsjyvh_t3kKHlbz3YCJ6jIUN9l0IywsGb6MLghmiBiaTvLAXxCVHEyRkTx944GxA4dur9Aex5OHo:1oSoy2:Mt5MWcCukmYR54yVCyKZHnPCeJVI-ofDIPhBaLGtmqg", "expire_date": "2022-09-13T00:18:58.826Z"}}, {"model": "sessions.session", "pk": "7x5pbgwydqxflw2mrq5tdgtxploae9n6", "fields": {"session_data": ".eJxVjE0OwiAYBe_C2hCwhYJL9z1D8_0hVQNJaVfGu2uTLnT7Zua91ATbmqetyTLNrC7Kq9PvhkAPKTvgO5Rb1VTLusyod0UftOmxsjyvh_t3kKHlbz3YCJ6jIUN9l0IywsGb6MLghmiBiaTvLAXxCVHEyRkTx944GxA4dur9Aex5OHo:1oR2i2:AApNjroqkF5Paqqwc2A5wWYcSb0tMoRJZK48SLyJEEU", "expire_date": "2022-09-08T02:35:06.208Z"}}, {"model": "sessions.session", "pk": "9by5ygzpoi8abi13w0ibt3ob8bnflh7g", "fields": {"session_data": ".eJxVjEsOwjAMBe-SNYpqN3VTluw5Q-XEDimgROpnhbg7VOoCtm9m3suMvK153Badx0nM2Thz-t0Cx4eWHcidy63aWMs6T8Huij3oYq9V9Hk53L-DzEv-1oTcDeiajkE4-DZEbABTVErU9Q15bAkcAJEoghBo6_ohuajoUxJn3h_Dwzc7:1oMHN2:_-HoiqKMUY9bew8YLRGOvg-n2NPOg1n_dSEFld5Fymk", "expire_date": "2022-08-25T23:13:44.336Z"}}, {"model": "sessions.session", "pk": "9mz2yxxswsjgbl3o9hknc6zaskg0wajr", "fields": {"session_data": ".eJxVjDsOwyAQRO9CHSHA5pcyvc-AFnYJTiKQjF1FuXtsyUXSjea9mTcLsK0lbJ2WMCO7Mskuv12E9KR6AHxAvTeeWl2XOfJD4SftfGpIr9vp_h0U6GVfOzmCMVmYwVkclEFPafQkvPOWNEiTnch7SAJVAjmgiqS9tlaTM1Ja9vkCz2U3XQ:1oKw0G:AlvanbqzZOINMGmoVlcMcIBQV5smQ_i0LsA5nXIA96A", "expire_date": "2022-08-22T06:12:40.492Z"}}, {"model": "sessions.session", "pk": "9sxl7rs0yeqwu15y27zpqdkuqtzbl4jf", "fields": {"session_data": ".eJxVjDsOwyAQRO9CHSHA5pcyvc-AFnYJTiKQjF1FuXtsyUXSjea9mTcLsK0lbJ2WMCO7Mskuv12E9KR6AHxAvTeeWl2XOfJD4SftfGpIr9vp_h0U6GVfOzmCMVmYwVkclEFPafQkvPOWNEiTnch7SAJVAjmgiqS9tlaTM1Ja9vkCz2U3XQ:1oKwmD:7pisCC46IMMdvPG-sjudh0VvFmH12UI2JaZpKyerbQg", "expire_date": "2022-08-22T07:02:13.045Z"}}, {"model": "sessions.session", "pk": "a08ep89o7n0rz6c36ys939bz89mldjsh", "fields": {"session_data": ".eJxVjDsOwyAQRO9CHSHA5pcyvc-AFnYJTiKQjF1FuXtsyUXSjea9mTcLsK0lbJ2WMCO7Mskuv12E9KR6AHxAvTeeWl2XOfJD4SftfGpIr9vp_h0U6GVfOzmCMVmYwVkclEFPafQkvPOWNEiTnch7SAJVAjmgiqS9tlaTM1Ja9vkCz2U3XQ:1oKVOw:esNlEVrRBcEmWCZPtehOMFaAiRDmgPImFboZknyBFSo", "expire_date": "2022-08-21T01:48:22.509Z"}}, {"model": "sessions.session", "pk": "bdok5onmw97rse848qlaonw6dc83r071", "fields": {"session_data": ".eJxVjDsOwyAQRO9CHSHA5pcyvc-AFnYJTiKQjF1FuXtsyUXSjea9mTcLsK0lbJ2WMCO7Mskuv12E9KR6AHxAvTeeWl2XOfJD4SftfGpIr9vp_h0U6GVfOzmCMVmYwVkclEFPafQkvPOWNEiTnch7SAJVAjmgiqS9tlaTM1Ja9vkCz2U3XQ:1oKtqF:hwCTnnmxkNsF7f7yMoyl6T7dd1nEMN27i4i1gjjGSu0", "expire_date": "2022-08-22T03:54:11.220Z"}}, {"model": "sessions.session", "pk": "cwwou8ftvpgd67lojo72mp9z1n87xqzj", "fields": {"session_data": ".eJxVjDsOwyAQRO9CHSHA5pcyvc-AFnYJTiKQjF1FuXtsyUXSjea9mTcLsK0lbJ2WMCO7Mskuv12E9KR6AHxAvTeeWl2XOfJD4SftfGpIr9vp_h0U6GVfOzmCMVmYwVkclEFPafQkvPOWNEiTnch7SAJVAjmgiqS9tlaTM1Ja9vkCz2U3XQ:1oMHDu:QoDK8YnlbsQC4oOEwVmMdOcyLrInuKxxAJ4xe5oD_sg", "expire_date": "2022-08-25T23:04:18.615Z"}}, {"model": "sessions.session", "pk": "eh33u3ol3ao9rlcvmq7bt5dt2tv72bkv", "fields": {"session_data": ".eJxVjE0OwiAYBe_C2hCwhYJL9z1D8_0hVQNJaVfGu2uTLnT7Zua91ATbmqetyTLNrC7Kq9PvhkAPKTvgO5Rb1VTLusyod0UftOmxsjyvh_t3kKHlbz3YCJ6jIUN9l0IywsGb6MLghmiBiaTvLAXxCVHEyRkTx944GxA4dur9Aex5OHo:1oYfO7:50OiD0aZpRwyqPfAvBMxwLicT6u4TdlrGVCUxt7pxUs", "expire_date": "2022-09-29T03:18:03.929Z"}}, {"model": "sessions.session", "pk": "eqo1iyxf11g8gddil0fudvm81qvfpies", "fields": {"session_data": ".eJxVjDsOwyAQRO9CHSHA5pcyvc-AFnYJTiKQjF1FuXtsyUXSjea9mTcLsK0lbJ2WMCO7Mskuv12E9KR6AHxAvTeeWl2XOfJD4SftfGpIr9vp_h0U6GVfOzmCMVmYwVkclEFPafQkvPOWNEiTnch7SAJVAjmgiqS9tlaTM1Ja9vkCz2U3XQ:1oMHDv:nTx36pE0z8oMg19fc5qtdvERv-RkYr6Tc66lkB_-AN0", "expire_date": "2022-08-25T23:04:19.093Z"}}, {"model": "sessions.session", "pk": "evdjai8jng7a8lx4d8q21r7i95srld8e", "fields": {"session_data": ".eJxVjDsOwyAQRO9CHSHA5pcyvc-AFnYJTiKQjF1FuXtsyUXSjea9mTcLsK0lbJ2WMCO7Mskuv12E9KR6AHxAvTeeWl2XOfJD4SftfGpIr9vp_h0U6GVfOzmCMVmYwVkclEFPafQkvPOWNEiTnch7SAJVAjmgiqS9tlaTM1Ja9vkCz2U3XQ:1oTEub:kVqjg2FzAPLTGByBkB9kIQKCCWRpHntD4jUUj8bHqlY", "expire_date": "2022-09-14T04:01:09.947Z"}}, {"model": "sessions.session", "pk": "gcach0x6x6zqq4zl2a6myqb9szprxlv3", "fields": {"session_data": ".eJxVjDsOwyAQRO9CHSHA5pcyvc-AFnYJTiKQjF1FuXtsyUXSjea9mTcLsK0lbJ2WMCO7Mskuv12E9KR6AHxAvTeeWl2XOfJD4SftfGpIr9vp_h0U6GVfOzmCMVmYwVkclEFPafQkvPOWNEiTnch7SAJVAjmgiqS9tlaTM1Ja9vkCz2U3XQ:1oKwok:dEIWKx-o24fxqCU5SJRfkPWGVUoQpKgPPlaFJv7_L4c", "expire_date": "2022-08-22T07:04:50.284Z"}}, {"model": "sessions.session", "pk": "gx1s39wbld0gek327yifjmfaveoft76e", "fields": {"session_data": ".eJxVjDsOwyAQRO9CHSHA5pcyvc-AFnYJTiKQjF1FuXtsyUXSjea9mTcLsK0lbJ2WMCO7Mskuv12E9KR6AHxAvTeeWl2XOfJD4SftfGpIr9vp_h0U6GVfOzmCMVmYwVkclEFPafQkvPOWNEiTnch7SAJVAjmgiqS9tlaTM1Ja9vkCz2U3XQ:1oMh7W:q6tG8JvDumvmGQeg-AlZTHP2jeaT1v0hzXoXYs4oOGw", "expire_date": "2022-08-27T02:43:26.417Z"}}, {"model": "sessions.session", "pk": "hdsyxnerqz30cyijeuho66ktpm7ilx4t", "fields": {"session_data": ".eJxVjDsOwyAQRO9CHSHA5pcyvc-AFnYJTiKQjF1FuXtsyUXSjea9mTcLsK0lbJ2WMCO7Mskuv12E9KR6AHxAvTeeWl2XOfJD4SftfGpIr9vp_h0U6GVfOzmCMVmYwVkclEFPafQkvPOWNEiTnch7SAJVAjmgiqS9tlaTM1Ja9vkCz2U3XQ:1oKUCQ:OMOuw6TIgJpDpYpGspmqKAt_8Hh3gfuN_rOSuy8f5ys", "expire_date": "2022-08-21T00:31:22.957Z"}}, {"model": "sessions.session", "pk": "hhdex19yf7p2div40lj3z00gm034hsf0", "fields": {"session_data": ".eJxVjDsOwyAQRO9CHSHA5pcyvc-AFnYJTiKQjF1FuXtsyUXSjea9mTcLsK0lbJ2WMCO7Mskuv12E9KR6AHxAvTeeWl2XOfJD4SftfGpIr9vp_h0U6GVfOzmCMVmYwVkclEFPafQkvPOWNEiTnch7SAJVAjmgiqS9tlaTM1Ja9vkCz2U3XQ:1oKwpX:Zc_ZRlRfKAinyDtha_B8uFfScyLvE8l0xz9MDId88Cw", "expire_date": "2022-08-22T07:05:39.004Z"}}, {"model": "sessions.session", "pk": "id01g7jn8lwuctfg2govi95fa058vjt5", "fields": {"session_data": ".eJxVjDsOwyAQRO9CHSHA5pcyvc-AFnYJTiKQjF1FuXtsyUXSjea9mTcLsK0lbJ2WMCO7Mskuv12E9KR6AHxAvTeeWl2XOfJD4SftfGpIr9vp_h0U6GVfOzmCMVmYwVkclEFPafQkvPOWNEiTnch7SAJVAjmgiqS9tlaTM1Ja9vkCz2U3XQ:1oL9vy:dgaPbZtFb1mmjBjfMq56i_l9AKdFYnq-A1QhpJafQmA", "expire_date": "2022-08-22T21:05:10.039Z"}}, {"model": "sessions.session", "pk": "ix64gi4sxwujgz4jwgcd4fon9crylty1", "fields": {"session_data": ".eJxVjDsOwyAQRO9CHSHA5pcyvc-AFnYJTiKQjF1FuXtsyUXSjea9mTcLsK0lbJ2WMCO7Mskuv12E9KR6AHxAvTeeWl2XOfJD4SftfGpIr9vp_h0U6GVfOzmCMVmYwVkclEFPafQkvPOWNEiTnch7SAJVAjmgiqS9tlaTM1Ja9vkCz2U3XQ:1oMisj:2LpqKCq3X0CgI7XdAQuImj-aQZfEgbnDF0VHIYsMqGI", "expire_date": "2022-08-27T04:36:17.584Z"}}, {"model": "sessions.session", "pk": "iyfultsj3bxvm8o2d8wscp3w1bw42u8f", "fields": {"session_data": ".eJxVjDsOwyAQRO9CHSHA5pcyvc-AFnYJTiKQjF1FuXtsyUXSjea9mTcLsK0lbJ2WMCO7Mskuv12E9KR6AHxAvTeeWl2XOfJD4SftfGpIr9vp_h0U6GVfOzmCMVmYwVkclEFPafQkvPOWNEiTnch7SAJVAjmgiqS9tlaTM1Ja9vkCz2U3XQ:1oRlxX:esfEs96wAkym_n04rBSLtwNMl1lzsSlgq4Ny3rTpFZQ", "expire_date": "2022-09-10T02:54:07.537Z"}}, {"model": "sessions.session", "pk": "l0m4bjv4mhi78ivfwx4vrbdmdpnehe33", "fields": {"session_data": ".eJxVjEEOwiAQRe_C2pBmgMK4dO8ZyMBMpWpoUtpV491tky50-997f1OR1qXEtckcR1ZXZdTld0uUX1IPwE-qj0nnqS7zmPSh6JM2fZ9Y3rfT_Tso1Mpee_Ig6CwSes_ADDYx9kICncsOwYfB4E4tdAF7Mj7lJNmwkBlCturzBd8gOCY:1oKt7S:nCUEvAs8A5ilQefH0W0gBgcGfpIJrhSqCkumg_Rzw1s", "expire_date": "2022-08-22T03:07:54.739Z"}}, {"model": "sessions.session", "pk": "l2c2d4f995vj5we483wt9hgs8t9h6c1b", "fields": {"session_data": ".eJxVjDsOwyAQRO9CHSHA5pcyvc-AFnYJTiKQjF1FuXtsyUXSjea9mTcLsK0lbJ2WMCO7Mskuv12E9KR6AHxAvTeeWl2XOfJD4SftfGpIr9vp_h0U6GVfOzmCMVmYwVkclEFPafQkvPOWNEiTnch7SAJVAjmgiqS9tlaTM1Ja9vkCz2U3XQ:1oKtAs:-ujMWJRpLLjEtFXcX4XzPVrggPsPKsttwW3a-f8fi_8", "expire_date": "2022-08-22T03:11:26.008Z"}}, {"model": "sessions.session", "pk": "lg8y87a16kjwsxi0x9tegry107qrgk9y", "fields": {"session_data": ".eJxVjDsOwyAQRO9CHSHA5pcyvc-AFnYJTiKQjF1FuXtsyUXSjea9mTcLsK0lbJ2WMCO7Mskuv12E9KR6AHxAvTeeWl2XOfJD4SftfGpIr9vp_h0U6GVfOzmCMVmYwVkclEFPafQkvPOWNEiTnch7SAJVAjmgiqS9tlaTM1Ja9vkCz2U3XQ:1oL7jN:tMlTDJED4VEanDPZ8qy1W6ozBhK3D7tHJr2ygp11Dj4", "expire_date": "2022-08-22T18:44:01.155Z"}}, {"model": "sessions.session", "pk": "li5700nsray7ykzx4aqh4safu9axk2ix", "fields": {"session_data": ".eJxVjDsOwyAQRO9CHSHA5pcyvc-AFnYJTiKQjF1FuXtsyUXSjea9mTcLsK0lbJ2WMCO7Mskuv12E9KR6AHxAvTeeWl2XOfJD4SftfGpIr9vp_h0U6GVfOzmCMVmYwVkclEFPafQkvPOWNEiTnch7SAJVAjmgiqS9tlaTM1Ja9vkCz2U3XQ:1oKUB0:zKqqjb8Qxp3OXwp3tYScFTjhz_V_djPiMnT2IcGpvLs", "expire_date": "2022-08-21T00:29:54.649Z"}}, {"model": "sessions.session", "pk": "lk4tjdbxgjnhphvnnz7ze58yb8qm0g8g", "fields": {"session_data": ".eJxVjDsOwyAQRO9CHSHA5pcyvc-AFnYJTiKQjF1FuXtsyUXSjea9mTcLsK0lbJ2WMCO7Mskuv12E9KR6AHxAvTeeWl2XOfJD4SftfGpIr9vp_h0U6GVfOzmCMVmYwVkclEFPafQkvPOWNEiTnch7SAJVAjmgiqS9tlaTM1Ja9vkCz2U3XQ:1ocUL4:wyNQ3db9wqpSXFSGf_I6j6SwSOZig7wwAzG-6QjuTs8", "expire_date": "2022-10-09T16:18:42.495Z"}}, {"model": "sessions.session", "pk": "m3xixlik6iegmcvbr09ci39mtotoio2i", "fields": {"session_data": ".eJxVjDsOwyAQRO9CHSHA5pcyvc-AFnYJTiKQjF1FuXtsyUXSjea9mTcLsK0lbJ2WMCO7Mskuv12E9KR6AHxAvTeeWl2XOfJD4SftfGpIr9vp_h0U6GVfOzmCMVmYwVkclEFPafQkvPOWNEiTnch7SAJVAjmgiqS9tlaTM1Ja9vkCz2U3XQ:1oYd8V:Fth9IaSGK4ZKmxPRWDDf2hiGEtw46O5yfdwrNgCd_dk", "expire_date": "2022-09-29T00:53:47.931Z"}}, {"model": "sessions.session", "pk": "mm1mzd7src1fxrq5u0eeki29hohj4nmc", "fields": {"session_data": ".eJxVTEsOwiAUvAtrQyD8xKV7z0Doe49SNZCUdmW8u5B0YTOLyXw_LMR9y2FvtIYF2Y15dvn3pggvKiPAZyxz5VDLti4THxV-pI0_KtL7fnRPBzm2PNaIWrp0jc4BGnJeE4DqIA0iCTDe9jOw3mBnZSwksFqC7VIK5dn3ByMkOVg:1oUsdm:1Rg_3O9UJIjJnmsDEHK9S5Ra6dtrFvob_o_jmPv6b60", "expire_date": "2022-09-18T16:38:34.537Z"}}, {"model": "sessions.session", "pk": "mmilcfsw9ngon58y1hph95l03iswi8m4", "fields": {"session_data": ".eJxVjDsOwyAQRO9CHSEt2HxSps8ZEMuug5MIJGNXVu4eI7lIutG8N7OLELc1h63xEmYSVwEgLr8lxvTi0gk9Y3lUmWpZlxllV-RJm7xX4vftdP8Ocmy5rz2NYNghwUADEk2AcURzZGYNKXltFU3eY7To_AFcGlg5VNq6ZEh8vkAqOWU:1oXWXd:L8XsVMr5RPIBCTXmgX6vrVLKy40JNxD9_0CAFUuzYw0", "expire_date": "2022-09-25T23:39:09.584Z"}}, {"model": "sessions.session", "pk": "nch4scmqpa7nqmfi9okhg428dovdk6lc", "fields": {"session_data": ".eJxVjDsOwyAQRO9CHSHA5pcyvc-AFnYJTiKQjF1FuXtsyUXSjea9mTcLsK0lbJ2WMCO7Mskuv12E9KR6AHxAvTeeWl2XOfJD4SftfGpIr9vp_h0U6GVfOzmCMVmYwVkclEFPafQkvPOWNEiTnch7SAJVAjmgiqS9tlaTM1Ja9vkCz2U3XQ:1oLGKV:IjJx12u12_iAYOpCWl0E4YuRBmm0w1XdgScCZv4f5Fo", "expire_date": "2022-08-23T03:54:55.223Z"}}, {"model": "sessions.session", "pk": "nqb5kmtazi4i9p4ugun1g491gan16d84", "fields": {"session_data": ".eJxVjDsOwyAQRO9CHSHA5pcyvc-AFnYJTiKQjF1FuXtsyUXSjea9mTcLsK0lbJ2WMCO7Mskuv12E9KR6AHxAvTeeWl2XOfJD4SftfGpIr9vp_h0U6GVfOzmCMVmYwVkclEFPafQkvPOWNEiTnch7SAJVAjmgiqS9tlaTM1Ja9vkCz2U3XQ:1oKwNw:9nlsOLF6PaHYzhjVBbSMj6nyJrEWuOCHc0oeZz85Z34", "expire_date": "2022-08-22T06:37:08.293Z"}}, {"model": "sessions.session", "pk": "nv9oyov4u4q5k30pcr1k8ckeiozgy14g", "fields": {"session_data": ".eJxVjEEOwiAQRe_C2hBGpiAu3XsGMjBTqRpISrsy3l2bdKHb_977LxVpXUpcu8xxYnVWR3X43RLlh9QN8J3qrenc6jJPSW-K3mnX18byvOzu30GhXr716AznUwgIEjwasUwITkJIzoo3gzWGLHubwTE6QHRMgN4PDAksjur9AcfJNuI:1oS6uL:_CaHTmGt7FTQkfudf68P9RrwaY-5LfHvn_qV6zRQhLY", "expire_date": "2022-09-11T01:16:13.039Z"}}, {"model": "sessions.session", "pk": "o5jiqe1yimcyb5drjeb8gii6fhi05n6u", "fields": {"session_data": ".eJxVjE0OwiAYBe_C2hCwhYJL9z1D8_0hVQNJaVfGu2uTLnT7Zua91ATbmqetyTLNrC7Kq9PvhkAPKTvgO5Rb1VTLusyod0UftOmxsjyvh_t3kKHlbz3YCJ6jIUN9l0IywsGb6MLghmiBiaTvLAXxCVHEyRkTx944GxA4dur9Aex5OHo:1oSo7R:guI92tZ3x6sZv1AUZ_1e8lq3kuj_rgF-7OrSFBNzxoA", "expire_date": "2022-09-12T23:24:37.209Z"}}, {"model": "sessions.session", "pk": "ocmfwzcx4go3ldl11goxp5bob2aqlvby", "fields": {"session_data": ".eJxVjDsOwyAQRO9CHSHA5pcyvc-AFnYJTiKQjF1FuXtsyUXSjea9mTcLsK0lbJ2WMCO7Mskuv12E9KR6AHxAvTeeWl2XOfJD4SftfGpIr9vp_h0U6GVfOzmCMVmYwVkclEFPafQkvPOWNEiTnch7SAJVAjmgiqS9tlaTM1Ja9vkCz2U3XQ:1oR3IE:Vl_4mZ8d0CA64LPouWdFyt0DFJfDdHQf8nRaCZp-iE0", "expire_date": "2022-09-08T03:12:30.254Z"}}, {"model": "sessions.session", "pk": "oj1pgvrog713g1bbgf28svdf0sw29tau", "fields": {"session_data": ".eJxVjEsOwjAMBe-SNYpqN3VTluw5Q-XEDimgROpnhbg7VOoCtm9m3suMvK153Badx0nM2Thz-t0Cx4eWHcidy63aWMs6T8Huij3oYq9V9Hk53L-DzEv-1oTcDeiajkE4-DZEbABTVErU9Q15bAkcAJEoghBo6_ohuajoUxJn3h_Dwzc7:1oPvuH:Q4idTxuYUX3_yJr3P2MvsndntEdyF81sle1VxC2AkmA", "expire_date": "2022-09-05T01:07:09.237Z"}}, {"model": "sessions.session", "pk": "phm16dw8w791vg03vgdcu42fee25dblj", "fields": {"session_data": ".eJxVjE0OwiAYBe_C2hCwhYJL9z1D8_0hVQNJaVfGu2uTLnT7Zua91ATbmqetyTLNrC7Kq9PvhkAPKTvgO5Rb1VTLusyod0UftOmxsjyvh_t3kKHlbz3YCJ6jIUN9l0IywsGb6MLghmiBiaTvLAXxCVHEyRkTx944GxA4dur9Aex5OHo:1oRM30:kBaKkiBDCkIgTRUtV5fn2d1u4mblqsTWQzqV1I-ymAA", "expire_date": "2022-09-08T23:14:02.199Z"}}, {"model": "sessions.session", "pk": "pipez4fyj3mfltn63amngd8dvnnova0n", "fields": {"session_data": ".eJxVjE0OwiAYBe_C2hCwhYJL9z1D8_0hVQNJaVfGu2uTLnT7Zua91ATbmqetyTLNrC7Kq9PvhkAPKTvgO5Rb1VTLusyod0UftOmxsjyvh_t3kKHlbz3YCJ6jIUN9l0IywsGb6MLghmiBiaTvLAXxCVHEyRkTx944GxA4dur9Aex5OHo:1oXaR9:_ykz-h7ywd73TUJxPBY_uPjMl5D4zkYk_lisxvLzkSo", "expire_date": "2022-09-26T03:48:43.047Z"}}, {"model": "sessions.session", "pk": "rpe8450qh595u5lqcaf6zhuzr8ou7dtp", "fields": {"session_data": ".eJxVjDsOwyAQRO9CHSHA5pcyvc-AFnYJTiKQjF1FuXtsyUXSjea9mTcLsK0lbJ2WMCO7Mskuv12E9KR6AHxAvTeeWl2XOfJD4SftfGpIr9vp_h0U6GVfOzmCMVmYwVkclEFPafQkvPOWNEiTnch7SAJVAjmgiqS9tlaTM1Ja9vkCz2U3XQ:1oL9Ca:sFR_Htqt7joW9_tJqUMcnWdRiY4eipi69hMZ2Wy8ESQ", "expire_date": "2022-08-22T20:18:16.788Z"}}, {"model": "sessions.session", "pk": "t24nctvgue849lzabbxbsvthxl5s2p9y", "fields": {"session_data": ".eJxVjDsOwyAQRO9CHSHA5pcyvc-AFnYJTiKQjF1FuXtsyUXSjea9mTcLsK0lbJ2WMCO7Mskuv12E9KR6AHxAvTeeWl2XOfJD4SftfGpIr9vp_h0U6GVfOzmCMVmYwVkclEFPafQkvPOWNEiTnch7SAJVAjmgiqS9tlaTM1Ja9vkCz2U3XQ:1oKt9B:X7bZkSDFkalBayPEcXpJ73Z1Obty5VSssWrlFXTVVhM", "expire_date": "2022-08-22T03:09:41.154Z"}}, {"model": "sessions.session", "pk": "tl43iknq3ofl238mbapj1w7zdgkevhx6", "fields": {"session_data": ".eJxVjDsOwyAQRO9CHSHA5pcyvc-AFnYJTiKQjF1FuXtsyUXSjea9mTcLsK0lbJ2WMCO7Mskuv12E9KR6AHxAvTeeWl2XOfJD4SftfGpIr9vp_h0U6GVfOzmCMVmYwVkclEFPafQkvPOWNEiTnch7SAJVAjmgiqS9tlaTM1Ja9vkCz2U3XQ:1oMJKq:L5-mOnT2gstB4Fk3tT2wjPCI5yC3ab_nPnXPHBu3P34", "expire_date": "2022-08-26T01:19:36.948Z"}}, {"model": "sessions.session", "pk": "udse6vltg7w5xqqf6curgx9xqh8hb3ef", "fields": {"session_data": ".eJxVjDsOwyAQRO9CHSHA5pcyvc-AFnYJTiKQjF1FuXtsyUXSjea9mTcLsK0lbJ2WMCO7Mskuv12E9KR6AHxAvTeeWl2XOfJD4SftfGpIr9vp_h0U6GVfOzmCMVmYwVkclEFPafQkvPOWNEiTnch7SAJVAjmgiqS9tlaTM1Ja9vkCz2U3XQ:1oMGnt:lwYmtcqbZC4uG-VSK4R89XGYVZR0C34bzJmUXiaSH1A", "expire_date": "2022-08-25T22:37:25.934Z"}}, {"model": "sessions.session", "pk": "ujreendr1shsta7p12yn18uvj0fv73o3", "fields": {"session_data": ".eJxVjDsOwyAQRO9CHSHA5pcyvc-AFnYJTiKQjF1FuXtsyUXSjea9mTcLsK0lbJ2WMCO7Mskuv12E9KR6AHxAvTeeWl2XOfJD4SftfGpIr9vp_h0U6GVfOzmCMVmYwVkclEFPafQkvPOWNEiTnch7SAJVAjmgiqS9tlaTM1Ja9vkCz2U3XQ:1oNl52:ycr4IYHuwF7xjcSELYfcmcu-eaxzYchW7vsEfYdMzvg", "expire_date": "2022-08-30T01:09:16.937Z"}}, {"model": "sessions.session", "pk": "v2b0vj54fwexbfdu1z9o3cyet5g84cqw", "fields": {"session_data": ".eJxVjDsOwyAQRO9CHSHA5pcyvc-AFnYJTiKQjF1FuXtsyUXSjea9mTcLsK0lbJ2WMCO7Mskuv12E9KR6AHxAvTeeWl2XOfJD4SftfGpIr9vp_h0U6GVfOzmCMVmYwVkclEFPafQkvPOWNEiTnch7SAJVAjmgiqS9tlaTM1Ja9vkCz2U3XQ:1oNfWO:yyB6SngBRDLpGkoPDpQ3c0RMtvSY1GjGkXU19c-VHu8", "expire_date": "2022-08-29T19:13:08.987Z"}}, {"model": "sessions.session", "pk": "v5i43e5hqra04clye5rfolfc849cadik", "fields": {"session_data": ".eJxVjEEOwiAQRe_C2hBGpiAu3XsGMjBTqRpISrsy3l2bdKHb_977LxVpXUpcu8xxYnVWR3X43RLlh9QN8J3qrenc6jJPSW-K3mnX18byvOzu30GhXr716AznUwgIEjwasUwITkJIzoo3gzWGLHubwTE6QHRMgN4PDAksjur9AcfJNuI:1oKPY4:tngK1bbiXcf6c6r39mtjB0Cso8QNiMRsjhCcmQwHxlM", "expire_date": "2022-08-20T19:33:24.752Z"}}, {"model": "sessions.session", "pk": "vjfb74r4a4stsgyvakjgrsfx3l6vxbc8", "fields": {"session_data": ".eJxVjDsOwyAQRO9CHSHA5pcyvc-AFnYJTiKQjF1FuXtsyUXSjea9mTcLsK0lbJ2WMCO7Mskuv12E9KR6AHxAvTeeWl2XOfJD4SftfGpIr9vp_h0U6GVfOzmCMVmYwVkclEFPafQkvPOWNEiTnch7SAJVAjmgiqS9tlaTM1Ja9vkCz2U3XQ:1oKutY:TY7vizWfVAOCRIr6MRHGOQFB13aR0pkbvk4XZTcypZs", "expire_date": "2022-08-22T05:01:40.684Z"}}, {"model": "sessions.session", "pk": "vnt51bmb4gdcuh50mz095yu4gtzwovib", "fields": {"session_data": ".eJxVjDsOwyAQRO9CHSHA5pcyvc-AFnYJTiKQjF1FuXtsyUXSjea9mTcLsK0lbJ2WMCO7Mskuv12E9KR6AHxAvTeeWl2XOfJD4SftfGpIr9vp_h0U6GVfOzmCMVmYwVkclEFPafQkvPOWNEiTnch7SAJVAjmgiqS9tlaTM1Ja9vkCz2U3XQ:1oNbVa:ZdSNlSeCYgzxUNzopwR-bgQWci6hDJHcX8n6U7KtQOw", "expire_date": "2022-08-29T14:56:02.061Z"}}, {"model": "sessions.session", "pk": "vv0eyjpwv51tzlwz1arfw8b89slkrke7", "fields": {"session_data": ".eJxVjDsOwyAQRO9CHSHA5pcyvc-AFnYJTiKQjF1FuXtsyUXSjea9mTcLsK0lbJ2WMCO7Mskuv12E9KR6AHxAvTeeWl2XOfJD4SftfGpIr9vp_h0U6GVfOzmCMVmYwVkclEFPafQkvPOWNEiTnch7SAJVAjmgiqS9tlaTM1Ja9vkCz2U3XQ:1oMEnm:O0fmzYoEOkmekR1lwnoRjsdEWQfDaF6FqwE4TTgdPoE", "expire_date": "2022-08-25T20:29:10.878Z"}}, {"model": "sessions.session", "pk": "wm3nf9iuqbm1dji2g0i954ic3ku59peb", "fields": {"session_data": ".eJxVjEsOwjAMBe-SNYpqN3VTluw5Q-XEDimgROpnhbg7VOoCtm9m3suMvK153Badx0nM2Thz-t0Cx4eWHcidy63aWMs6T8Huij3oYq9V9Hk53L-DzEv-1oTcDeiajkE4-DZEbABTVErU9Q15bAkcAJEoghBo6_ohuajoUxJn3h_Dwzc7:1oYzqG:ypTE_Df7aVMj10gJcSGMLfy1fOxZ4T5JK8gfdEPk738", "expire_date": "2022-09-30T01:08:28.362Z"}}, {"model": "sessions.session", "pk": "x400dy0nvzt1vicmj07vrhsyayihzdsb", "fields": {"session_data": ".eJxVjE0OwiAYBe_C2hCwhYJL9z1D8_0hVQNJaVfGu2uTLnT7Zua91ATbmqetyTLNrC7Kq9PvhkAPKTvgO5Rb1VTLusyod0UftOmxsjyvh_t3kKHlbz3YCJ6jIUN9l0IywsGb6MLghmiBiaTvLAXxCVHEyRkTx944GxA4dur9Aex5OHo:1oSoJh:iPfHAFYFuY7faGejxis7pxJSOvn1BlHsdC-hDcKaGUM", "expire_date": "2022-09-12T23:37:17.901Z"}}, {"model": "sessions.session", "pk": "ympjjce5h5m6m4dvfmo14hfnwru5ggni", "fields": {"session_data": ".eJxVjDsOwyAQRO9CHSHA5pcyvc-AFnYJTiKQjF1FuXtsyUXSjea9mTcLsK0lbJ2WMCO7Mskuv12E9KR6AHxAvTeeWl2XOfJD4SftfGpIr9vp_h0U6GVfOzmCMVmYwVkclEFPafQkvPOWNEiTnch7SAJVAjmgiqS9tlaTM1Ja9vkCz2U3XQ:1oMHfT:91dYWoYcoQLkWBtJYp6-cvW7zFZMHgq-VcW2L001IZ8", "expire_date": "2022-08-25T23:32:47.687Z"}}, {"model": "sessions.session", "pk": "ytmygwpxz46wwlimjaj5bde5zbyhrouj", "fields": {"session_data": ".eJxVjDsOwyAQRO9CHSHA5pcyvc-AFnYJTiKQjF1FuXtsyUXSjea9mTcLsK0lbJ2WMCO7Mskuv12E9KR6AHxAvTeeWl2XOfJD4SftfGpIr9vp_h0U6GVfOzmCMVmYwVkclEFPafQkvPOWNEiTnch7SAJVAjmgiqS9tlaTM1Ja9vkCz2U3XQ:1oMDTN:ANRfZC4x6M_11SemLkcCeVZFj_cbPXJwQ0oIQW_xI1g", "expire_date": "2022-08-25T19:04:01.191Z"}}, {"model": "sessions.session", "pk": "ywqdrxiqciiehvhl7bx6iayroijyq10a", "fields": {"session_data": ".eJxVjDsOwyAQRO9CHSHA5pcyvc-AFnYJTiKQjF1FuXtsyUXSjea9mTcLsK0lbJ2WMCO7Mskuv12E9KR6AHxAvTeeWl2XOfJD4SftfGpIr9vp_h0U6GVfOzmCMVmYwVkclEFPafQkvPOWNEiTnch7SAJVAjmgiqS9tlaTM1Ja9vkCz2U3XQ:1oNplf:lrkTW-Zjww-WJ5OAF3X5z6HZMvSksEa_r15uYaPyy5c", "expire_date": "2022-08-30T06:09:35.739Z"}}, {"model": "sessions.session", "pk": "zbnixr1qteclnka1fje3yutixysfhfl0", "fields": {"session_data": ".eJxVjDsOwyAQRO9CHSHA5pcyvc-AFnYJTiKQjF1FuXtsyUXSjea9mTcLsK0lbJ2WMCO7Mskuv12E9KR6AHxAvTeeWl2XOfJD4SftfGpIr9vp_h0U6GVfOzmCMVmYwVkclEFPafQkvPOWNEiTnch7SAJVAjmgiqS9tlaTM1Ja9vkCz2U3XQ:1oNRCo:bFp8zocBJPm6sG4nc7pmR-XLRL2SqG1uvZUT8wYtcmo", "expire_date": "2022-08-29T03:55:58.512Z"}}, {"model": "sessions.session", "pk": "znalnwpkvve4yxgaos9tffyifb94ztny", "fields": {"session_data": ".eJxVjDsOwyAQRO9CHSHA5pcyvc-AFnYJTiKQjF1FuXtsyUXSjea9mTcLsK0lbJ2WMCO7Mskuv12E9KR6AHxAvTeeWl2XOfJD4SftfGpIr9vp_h0U6GVfOzmCMVmYwVkclEFPafQkvPOWNEiTnch7SAJVAjmgiqS9tlaTM1Ja9vkCz2U3XQ:1oMDOs:CLRnRHwUCH2l4UQK4YN84ZGnbi2qOmXKx00e6BNjO3Y", "expire_date": "2022-08-25T18:59:22.265Z"}}, {"model": "YourbitAccounts.account", "pk": 1, "fields": {"password": "pbkdf2_sha256$390000$ttCYtevEpxbQYDG8cwY79Z$bRIZPqKcqGsr/7/c2wr4g4Z0td0PONLrcIJgF2mG+9Y=", "email": "aus.chaney@gmail.com", "username": "achaney55", "first_name": "Austin", "last_name": "Chaney", "dob": "1996-03-07", "date_joined": "2022-08-06T18:58:19.610Z", "last_login": "2022-09-25T16:18:42.493Z", "is_admin": true, "is_active": true, "is_staff": true, "is_supervisor": false}}, {"model": "YourbitAccounts.account", "pk": 2, "fields": {"password": "pbkdf2_sha256$390000$m6U0yLX2c8EvfGfIxzENMm$YDZqrbmBLvH7gNgyK3rR7LAXo9ePFJAM11peO1bYWvY=", "email": "trucuzzn@gmail.com", "username": "trucuzzn", "first_name": "Shawn", "last_name": "Chaney", "dob": "1975-05-25", "date_joined": "2022-08-06T19:33:24.587Z", "last_login": "2022-09-25T16:13:04.567Z", "is_admin": false, "is_active": true, "is_staff": false, "is_supervisor": false}}, {"model": "YourbitAccounts.account", "pk": 3, "fields": {"password": "pbkdf2_sha256$390000$0aGXNsaGWkhFuaM6UmaRwk$SBiWIMVQ3Lnd/4JgHuZ/Xnv0tJT745tdrJvXXU2du7s=", "email": "camero.chaney2026@icloud.com", "username": "@cam", "first_name": "cameron", "last_name": "chaney", "dob": "2003-11-05", "date_joined": "2022-08-08T03:07:54.572Z", "last_login": "2022-08-08T03:07:54.737Z", "is_admin": false, "is_active": true, "is_staff": false, "is_supervisor": false}}, {"model": "YourbitAccounts.account", "pk": 4, "fields": {"password": "pbkdf2_sha256$390000$tEY8cyRrbvgRr5L1JbAKwV$eTABR8C/GnXKs6HNG+r40LdgduWkcOXzqS84L9tgeOU=", "email": "corbinlist@gmail.com", "username": "RoboCop", "first_name": "Corbin", "last_name": "List", "dob": "2022-03-27", "date_joined": "2022-08-11T23:13:44.165Z", "last_login": "2022-09-16T01:08:28.361Z", "is_admin": false, "is_active": true, "is_staff": false, "is_supervisor": false}}, {"model": "YourbitAccounts.account", "pk": 5, "fields": {"password": "pbkdf2_sha256$390000$GkW8Ewk5HlmFKQ8eDd2bCq$Nmf1j7oFU9hlnevd2SPM5fILwipBeRq2VTr2wlIa04c=", "email": "grasslady420@gmail.com", "username": "grasslady0-0", "first_name": "Grass", "last_name": "Lady", "dob": "1920-04-20", "date_joined": "2022-08-16T01:08:55.904Z", "last_login": "2022-08-23T02:36:22.202Z", "is_admin": false, "is_active": true, "is_staff": false, "is_supervisor": false}}, {"model": "YourbitAccounts.account", "pk": 6, "fields": {"password": "pbkdf2_sha256$390000$NEqJPfqDCaJl6SVwEALQEW$S+8vqXvnLKzQtE+9uFofPYfHD2QaWmqVxwAJ1LZr6so=", "email": "zachdtilley@gmail.com", "username": "Zachamation", "first_name": "Zach", "last_name": "Tilley", "dob": "1999-07-02", "date_joined": "2022-08-25T02:35:06.031Z", "last_login": "2022-09-17T04:11:04.177Z", "is_admin": true, "is_active": true, "is_staff": true, "is_supervisor": false}}, {"model": "YourbitAccounts.account", "pk": 7, "fields": {"password": "pbkdf2_sha256$390000$px1MzdtKB3pqjYSgolgLeW$/kFPpZdXxc4/icExTn/DABeUEqHx6VVOTPSYvdXrUNI=", "email": "smilinglady@gmail.com", "username": "smilesallthetime", "first_name": "Smiling", "last_name": "Lady", "dob": "2001-04-02", "date_joined": "2022-09-02T17:04:51.234Z", "last_login": "2022-09-02T17:04:51.413Z", "is_admin": false, "is_active": true, "is_staff": false, "is_supervisor": false}}, {"model": "YourbitAccounts.account", "pk": 8, "fields": {"password": "pbkdf2_sha256$390000$5nYWf6mzUE6DtFhJy2uCCp$VVNyC9D/T498Gj0TWXuFU4LD3MqsE01f+5ezckCHR28=", "email": "aus.chaney@hotmail.com", "username": "Achaney25", "first_name": "Austin", "last_name": "Chaney", "dob": "1995-09-01", "date_joined": "2022-09-03T03:08:05.473Z", "last_login": "2022-09-03T03:08:05.638Z", "is_admin": false, "is_active": true, "is_staff": false, "is_supervisor": false}}, {"model": "YourbitAccounts.account", "pk": 9, "fields": {"password": "pbkdf2_sha256$390000$FdquezMYmKAYFTdScgkbiG$p2pXG2Mynebddb/UHiKAQ2J+Inl0v8KR8hgx7SqQ/No=", "email": "ianpt6@aol.com", "username": "Ian_Tilley", "first_name": "Ian", "last_name": "Tilley", "dob": "1997-06-29", "date_joined": "2022-09-04T16:38:34.372Z", "last_login": "2022-09-04T16:38:34.536Z", "is_admin": false, "is_active": true, "is_staff": false, "is_supervisor": false}}, {"model": "YourbitAccounts.account", "pk": 10, "fields": {"password": "pbkdf2_sha256$390000$K73YbSL9jG0Zo1ksoVWF0R$y6OnVkbJFYKIkc1gjB0nRwq1dZEIk+NHiNk32Zht09g=", "email": "grandpajoe@joemail.com", "username": "residentbiden", "first_name": "Grandpa", "last_name": "Joe", "dob": "1975-09-11", "date_joined": "2022-09-11T17:15:00.872Z", "last_login": "2022-09-11T17:20:13.735Z", "is_admin": false, "is_active": true, "is_staff": false, "is_supervisor": false}}, {"model": "YourbitAccounts.account", "pk": 11, "fields": {"password": "pbkdf2_sha256$390000$oZIdKZVJsZumnG8FuHUnQp$Hxvk/uu+yXRei2U3ouiH5PT/Aub/4f8BAOmCUz3Z55A=", "email": "slicers.seer.0s@icloud.com", "username": "willc66666", "first_name": "Will", "last_name": "C", "dob": "2005-01-04", "date_joined": "2022-09-11T23:39:09.422Z", "last_login": "2022-09-11T23:39:09.582Z", "is_admin": false, "is_active": true, "is_staff": false, "is_supervisor": false}}, {"model": "social.profile", "pk": 1, "fields": {"user": 1, "gender": "Male", "image_uploaded": false, "image": "media/8818C406-D0CD-4A0B-BA63-1C399EA562F8.jpeg", "background_image": "media/D4DEC6B8-6BDC-4D89-8003-C196275B3432.png", "bit_background": "#ffab01", "title_color": "#be38f3", "text_color": "#ebebeb", "feedback_icon_color": "#ff6a00", "feedback_background_color": "#313131", "paragraph_align": "center", "background_color": "#000000", "accent_color": "#ff4015", "user_bio": "undefined", "icon_color": "#0061fe", "user_colors_on": true, "wallpaper_on": true, "default_theme_on": false, "alerted_notifications": false, "rewards_earned": 450, "share_points": 0, "point_balance": 450, "level": 1, "follows": [1], "connections": [2, 3, 4, 5, 6, 10, 11], "custom": [], "conversations": [], "clusters": [], "liked_bits": [2, 47, 56, 57, 65, 68, 72, 73, 74, 75, 76, 77, 78, 86, 95], "disliked_bits": [59, 69], "interacted_with": [2, 47, 56, 57, 59, 65, 68, 69, 72, 73, 74, 75, 76, 77, 78, 80, 86, 95], "commented_on": [2, 47, 50, 56, 57, 60, 62, 63, 65, 68, 69, 73, 75, 80, 82, 85, 91, 97]}}, {"model": "social.profile", "pk": 2, "fields": {"user": 2, "gender": "", "image_uploaded": false, "image": "media/blenderlogo.png", "background_image": "media/aqua_default_theme.png", "bit_background": "#000000", "title_color": "#ffffff", "text_color": "#ffffff", "feedback_icon_color": "#ffffff", "feedback_background_color": "#313131", "paragraph_align": "left", "background_color": "#000000", "accent_color": "#ffffff", "user_bio": "", "icon_color": "#ffffff", "user_colors_on": true, "wallpaper_on": true, "default_theme_on": false, "alerted_notifications": false, "rewards_earned": 60, "share_points": 0, "point_balance": 60, "level": 1, "follows": [2], "connections": [1], "custom": [], "conversations": [], "clusters": [], "liked_bits": [1, 28, 29, 44, 48], "disliked_bits": [], "interacted_with": [1, 28, 29, 44, 48], "commented_on": []}}, {"model": "social.profile", "pk": 3, "fields": {"user": 3, "gender": "", "image_uploaded": false, "image": "media/blenderlogo.png", "background_image": "media/aqua_default_theme.png", "bit_background": "#808080", "title_color": "#ffffff", "text_color": "#ffffff", "feedback_icon_color": "#ffffff", "feedback_background_color": "#313131", "paragraph_align": "left", "background_color": "#000000", "accent_color": "#ffffff", "user_bio": "", "icon_color": "#ffffff", "user_colors_on": true, "wallpaper_on": true, "default_theme_on": false, "alerted_notifications": false, "rewards_earned": 0, "share_points": 0, "point_balance": 0, "level": 1, "follows": [3], "connections": [1], "custom": [], "conversations": [], "clusters": [], "liked_bits": [], "disliked_bits": [], "interacted_with": [], "commented_on": []}}, {"model": "social.profile", "pk": 4, "fields": {"user": 4, "gender": "", "image_uploaded": false, "image": "media/20220918_171144.gif", "background_image": "media/aqua_default_theme.png", "bit_background": "#0000ff", "title_color": "#ffffff", "text_color": "#ffffff", "feedback_icon_color": "#ffffff", "feedback_background_color": "#313131", "paragraph_align": "left", "background_color": "#000000", "accent_color": "#ffff00", "user_bio": "", "icon_color": "#ffff00", "user_colors_on": true, "wallpaper_on": true, "default_theme_on": false, "alerted_notifications": false, "rewards_earned": 0, "share_points": 0, "point_balance": 0, "level": 1, "follows": [4], "connections": [1, 6, 9, 10], "custom": [], "conversations": [], "clusters": [], "liked_bits": [], "disliked_bits": [], "interacted_with": [], "commented_on": []}}, {"model": "social.profile", "pk": 5, "fields": {"user": 5, "gender": "", "image_uploaded": false, "image": "media/blenderlogo.png", "background_image": "media/aqua_default_theme.png", "bit_background": "#808080", "title_color": "#ffffff", "text_color": "#ffffff", "feedback_icon_color": "#ffffff", "feedback_background_color": "#313131", "paragraph_align": "left", "background_color": "#000000", "accent_color": "#ffffff", "user_bio": "", "icon_color": "#ffffff", "user_colors_on": true, "wallpaper_on": true, "default_theme_on": false, "alerted_notifications": false, "rewards_earned": 20, "share_points": 0, "point_balance": 20, "level": 1, "follows": [5], "connections": [1], "custom": [], "conversations": [], "clusters": [], "liked_bits": [41, 43], "disliked_bits": [], "interacted_with": [41, 43], "commented_on": []}}, {"model": "social.profile", "pk": 6, "fields": {"user": 6, "gender": "", "image_uploaded": false, "image": "media/86799AD1-4FEC-4D76-9052-C139BC8D3AA6.gif", "background_image": "media/242FF7FC-7645-4EB4-862A-93B42F233162.jpeg", "bit_background": "#4fdc7e", "title_color": "#000000", "text_color": "#ffffff", "feedback_icon_color": "#b5f76b", "feedback_background_color": "#313131", "paragraph_align": "center", "background_color": "#000000", "accent_color": "#ffff92", "user_bio": "", "icon_color": "#00b5ff", "user_colors_on": true, "wallpaper_on": true, "default_theme_on": false, "alerted_notifications": false, "rewards_earned": 550, "share_points": 0, "point_balance": 550, "level": 1, "follows": [6], "connections": [1, 4, 9], "custom": [], "conversations": [], "clusters": [], "liked_bits": [1, 26, 38, 39, 40, 41, 42, 43, 44, 46, 47, 48, 50, 51, 52, 53, 54, 55, 56, 58, 59, 60, 62, 63, 65, 70, 71, 72, 73, 74, 75, 76, 77, 78, 79, 80, 81, 83, 85, 87, 89, 90, 95, 97], "disliked_bits": [], "interacted_with": [1, 26, 38, 39, 40, 41, 42, 43, 44, 46, 47, 48, 50, 51, 52, 53, 54, 55, 56, 58, 59, 60, 62, 63, 65, 70, 71, 72, 73, 74, 75, 76, 77, 78, 79, 80, 81, 83, 85, 87, 88, 89, 90, 95, 97], "commented_on": [48, 65, 74, 90, 95, 97]}}, {"model": "social.profile", "pk": 7, "fields": {"user": 7, "gender": "", "image_uploaded": false, "image": "media/blenderlogo.png", "background_image": "media/aqua_default_theme.png", "bit_background": "#000000", "title_color": "#ffffff", "text_color": "#ffffff", "feedback_icon_color": "#ffffff", "feedback_background_color": "#313131", "paragraph_align": "left", "background_color": "#000000", "accent_color": "#ffffff", "user_bio": "", "icon_color": "#ffffff", "user_colors_on": true, "wallpaper_on": true, "default_theme_on": false, "alerted_notifications": false, "rewards_earned": 0, "share_points": 0, "point_balance": 0, "level": 1, "follows": [7], "connections": [], "custom": [], "conversations": [], "clusters": [], "liked_bits": [], "disliked_bits": [], "interacted_with": [], "commented_on": []}}, {"model": "social.profile", "pk": 8, "fields": {"user": 8, "gender": "", "image_uploaded": false, "image": "media/blenderlogo.png", "background_image": "media/aqua_default_theme.png", "bit_background": "#000000", "title_color": "#ffffff", "text_color": "#ffffff", "feedback_icon_color": "#ffffff", "feedback_background_color": "#313131", "paragraph_align": "left", "background_color": "#000000", "accent_color": "#ffffff", "user_bio": "", "icon_color": "#ffffff", "user_colors_on": true, "wallpaper_on": true, "default_theme_on": false, "alerted_notifications": false, "rewards_earned": 0, "share_points": 0, "point_balance": 0, "level": 1, "follows": [8], "connections": [], "custom": [], "conversations": [], "clusters": [], "liked_bits": [], "disliked_bits": [], "interacted_with": [], "commented_on": []}}, {"model": "social.profile", "pk": 9, "fields": {"user": 9, "gender": "", "image_uploaded": false, "image": "media/blenderlogo.png", "background_image": "media/aqua_default_theme.png", "bit_background": "#000000", "title_color": "#ffffff", "text_color": "#ffffff", "feedback_icon_color": "#ffffff", "feedback_background_color": "#313131", "paragraph_align": "left", "background_color": "#000000", "accent_color": "#ffffff", "user_bio": "", "icon_color": "#ffffff", "user_colors_on": true, "wallpaper_on": true, "default_theme_on": false, "alerted_notifications": false, "rewards_earned": 0, "share_points": 0, "point_balance": 0, "level": 1, "follows": [9], "connections": [4, 6], "custom": [], "conversations": [], "clusters": [], "liked_bits": [], "disliked_bits": [], "interacted_with": [], "commented_on": []}}, {"model": "social.profile", "pk": 10, "fields": {"user": 10, "gender": "Male", "image_uploaded": false, "image": "media/7FD6455B-2C2B-43BB-BEFA-4788CF5079DA.jpeg", "background_image": "media/56299473-2C24-4166-A0EE-C9BE88BBC008.png", "bit_background": "#4b4b4b", "title_color": "undefined", "text_color": "undefined", "feedback_icon_color": "#ffffff", "feedback_background_color": "#313131", "paragraph_align": "left", "background_color": "#323232", "accent_color": "#ffffff", "user_bio": "undefined", "icon_color": "#ffffff", "user_colors_on": false, "wallpaper_on": true, "default_theme_on": false, "alerted_notifications": false, "rewards_earned": 25, "share_points": 0, "point_balance": 25, "level": 1, "follows": [10], "connections": [1, 4], "custom": [], "conversations": [], "clusters": [], "liked_bits": [], "disliked_bits": [81], "interacted_with": [81], "commented_on": [81]}}, {"model": "social.profile", "pk": 11, "fields": {"user": 11, "gender": "", "image_uploaded": false, "image": "media/B818A78B-0334-4D0C-A030-AEA7C0915737.jpeg", "background_image": "media/E3B74AE1-44EE-4548-ADCC-F521DE5D55BB.png", "bit_background": "#4b4b4b", "title_color": "undefined", "text_color": "undefined", "feedback_icon_color": "#ffffff", "feedback_background_color": "#313131", "paragraph_align": "left", "background_color": "#323232", "accent_color": "#011d57", "user_bio": "undefined", "icon_color": "#ffffff", "user_colors_on": false, "wallpaper_on": true, "default_theme_on": false, "alerted_notifications": false, "rewards_earned": 0, "share_points": 0, "point_balance": 0, "level": 1, "follows": [11], "connections": [1], "custom": [], "conversations": [], "clusters": [], "liked_bits": [], "disliked_bits": [], "interacted_with": [], "commented_on": []}}, {"model": "social.feed", "pk": 1, "fields": {"profile": 1, "friends_only_on": false, "block_links_on": false, "sorting": "chronological", "muted_users": []}}, {"model": "social.feed", "pk": 2, "fields": {"profile": 2, "friends_only_on": false, "block_links_on": false, "sorting": "chronological", "muted_users": []}}, {"model": "social.feed", "pk": 3, "fields": {"profile": 3, "friends_only_on": false, "block_links_on": false, "sorting": "chronological", "muted_users": []}}, {"model": "social.feed", "pk": 4, "fields": {"profile": 4, "friends_only_on": false, "block_links_on": false, "sorting": "chronological", "muted_users": []}}, {"model": "social.feed", "pk": 5, "fields": {"profile": 5, "friends_only_on": false, "block_links_on": false, "sorting": "chronological", "muted_users": []}}, {"model": "social.feed", "pk": 6, "fields": {"profile": 6, "friends_only_on": false, "block_links_on": false, "sorting": "chronological", "muted_users": []}}, {"model": "social.feed", "pk": 7, "fields": {"profile": 7, "friends_only_on": false, "block_links_on": false, "sorting": "chronological", "muted_users": []}}, {"model": "social.feed", "pk": 8, "fields": {"profile": 8, "friends_only_on": false, "block_links_on": false, "sorting": "chronological", "muted_users": []}}, {"model": "social.feed", "pk": 9, "fields": {"profile": 9, "friends_only_on": false, "block_links_on": false, "sorting": "chronological", "muted_users": []}}, {"model": "social.feed", "pk": 10, "fields": {"profile": 10, "friends_only_on": false, "block_links_on": false, "sorting": "chronological+", "muted_users": []}}, {"model": "social.feed", "pk": 11, "fields": {"profile": 11, "friends_only_on": false, "block_links_on": false, "sorting": "chronological+", "muted_users": []}}, {"model": "social.privacysettings", "pk": 1, "fields": {"user": 3, "enable_followers": false, "search_by_name": true, "real_name_visibility": "Everyone", "message_availability": "Friends Only"}}, {"model": "social.privacysettings", "pk": 2, "fields": {"user": 8, "enable_followers": false, "search_by_name": true, "real_name_visibility": "Everyone", "message_availability": "Friends Only"}}, {"model": "social.privacysettings", "pk": 3, "fields": {"user": 9, "enable_followers": false, "search_by_name": true, "real_name_visibility": "Everyone", "message_availability": "Friends Only"}}, {"model": "social.privacysettings", "pk": 4, "fields": {"user": 4, "enable_followers": false, "search_by_name": true, "real_name_visibility": "Everyone", "message_availability": "Friends Only"}}, {"model": "social.privacysettings", "pk": 5, "fields": {"user": 6, "enable_followers": false, "search_by_name": true, "real_name_visibility": "Everyone", "message_availability": "Friends Only"}}, {"model": "social.privacysettings", "pk": 6, "fields": {"user": 1, "enable_followers": true, "search_by_name": true, "real_name_visibility": "False", "message_availability": "False"}}, {"model": "social.privacysettings", "pk": 7, "fields": {"user": 5, "enable_followers": false, "search_by_name": true, "real_name_visibility": "Everyone", "message_availability": "Friends Only"}}, {"model": "social.privacysettings", "pk": 8, "fields": {"user": 7, "enable_followers": false, "search_by_name": true, "real_name_visibility": "Everyone", "message_availability": "Friends Only"}}, {"model": "social.privacysettings", "pk": 9, "fields": {"user": 2, "enable_followers": false, "search_by_name": true, "real_name_visibility": "Everyone", "message_availability": "Friends Only"}}, {"model": "social.privacysettings", "pk": 10, "fields": {"user": 10, "enable_followers": true, "search_by_name": true, "real_name_visibility": "False", "message_availability": "False"}}, {"model": "social.privacysettings", "pk": 11, "fields": {"user": 11, "enable_followers": true, "search_by_name": true, "real_name_visibility": "False", "message_availability": "False"}}, {"model": "social.bit", "pk": 1, "fields": {"user": 1, "title": "Welcome to Yourbit", "image": "", "video": "", "body": "Welcome back to yourbit after another database refresh. We got static files and full time deployment", "created_at": "2022-08-06T19:05:09.436Z", "bit_type": "chat", "like_count": 0, "dislike_count": 0, "is_public": false, "is_tips": false, "comment_count": 0, "contains_video_link": false, "contains_news_link": false, "contains_web_link": false, "extend_widget": "", "video_widget": "", "likes": [2, 6], "dislikes": [], "notifications": [], "comments": []}}, {"model": "social.bit", "pk": 2, "fields": {"user": 1, "title": "Test", "image": "", "video": "", "body": "Test after server console disconnect, ensuring site remains online", "created_at": "2022-08-07T00:31:42.033Z", "bit_type": "chat", "like_count": 0, "dislike_count": 0, "is_public": false, "is_tips": false, "comment_count": 0, "contains_video_link": false, "contains_news_link": false, "contains_web_link": false, "extend_widget": "", "video_widget": "", "likes": [1], "dislikes": [], "notifications": [], "comments": [1]}}, {"model": "social.bit", "pk": 3, "fields": {"user": 2, "title": "", "image": "", "video": "", "body": "This is pretty cool", "created_at": "2022-08-07T02:58:06.246Z", "bit_type": "chat", "like_count": 0, "dislike_count": 0, "is_public": false, "is_tips": false, "comment_count": 0, "contains_video_link": false, "contains_news_link": false, "contains_web_link": false, "extend_widget": "", "video_widget": "", "likes": [], "dislikes": [], "notifications": [], "comments": []}}, {"model": "social.bit", "pk": 14, "fields": {"user": 2, "title": "", "image": "", "video": "", "body": "This is pretty cool", "created_at": "2022-08-07T02:58:17.146Z", "bit_type": "chat", "like_count": 0, "dislike_count": 0, "is_public": false, "is_tips": false, "comment_count": 0, "contains_video_link": false, "contains_news_link": false, "contains_web_link": false, "extend_widget": "", "video_widget": "", "likes": [], "dislikes": [], "notifications": [], "comments": []}}, {"model": "social.bit", "pk": 18, "fields": {"user": 1, "title": "Today at 2", "image": "", "video": "", "body": "Will be trying to fix mobile feed, multiple columns and formatting in create post mobile,  uploading files on mobile, operational notifications on mobile.", "created_at": "2022-08-08T16:13:15.344Z", "bit_type": "chat", "like_count": 0, "dislike_count": 0, "is_public": false, "is_tips": false, "comment_count": 0, "contains_video_link": false, "contains_news_link": false, "contains_web_link": false, "extend_widget": "", "video_widget": "", "likes": [], "dislikes": [], "notifications": [], "comments": []}}, {"model": "social.bit", "pk": 19, "fields": {"user": 1, "title": "Also", "image": "", "video": "", "body": "Clearing the form after submitting post", "created_at": "2022-08-08T16:13:46.027Z", "bit_type": "chat", "like_count": 0, "dislike_count": 0, "is_public": false, "is_tips": false, "comment_count": 0, "contains_video_link": false, "contains_news_link": false, "contains_web_link": false, "extend_widget": "", "video_widget": "", "likes": [], "dislikes": [], "notifications": [], "comments": []}}, {"model": "social.bit", "pk": 20, "fields": {"user": 1, "title": "This week", "image": "", "video": "", "body": "Image resizing, finish mobile menu, clean up feeds, finish notifications, add icons to profile buttons when not friends.", "created_at": "2022-08-08T16:15:39.566Z", "bit_type": "chat", "like_count": 0, "dislike_count": 0, "is_public": false, "is_tips": false, "comment_count": 0, "contains_video_link": false, "contains_news_link": false, "contains_web_link": false, "extend_widget": "", "video_widget": "", "likes": [], "dislikes": [], "notifications": [], "comments": []}}, {"model": "social.bit", "pk": 22, "fields": {"user": 1, "title": "", "image": "", "video": "", "body": "I fixed home! Then profile broke…", "created_at": "2022-08-08T22:35:05.272Z", "bit_type": "chat", "like_count": 0, "dislike_count": 0, "is_public": false, "is_tips": false, "comment_count": 0, "contains_video_link": false, "contains_news_link": false, "contains_web_link": false, "extend_widget": "", "video_widget": "", "likes": [], "dislikes": [], "notifications": [], "comments": []}}, {"model": "social.bit", "pk": 25, "fields": {"user": 1, "title": "", "image": "", "video": "", "body": "", "created_at": "2022-08-09T04:22:17.108Z", "bit_type": "chat", "like_count": 0, "dislike_count": 0, "is_public": false, "is_tips": false, "comment_count": 0, "contains_video_link": false, "contains_news_link": false, "contains_web_link": false, "extend_widget": "", "video_widget": "", "likes": [], "dislikes": [], "notifications": [], "comments": []}}, {"model": "social.bit", "pk": 26, "fields": {"user": 1, "title": "", "image": "media/25A53811-2539-4272-9700-017790A276A0.jpeg", "video": "", "body": "test", "created_at": "2022-08-11T01:22:05.885Z", "bit_type": "photo", "like_count": 0, "dislike_count": 0, "is_public": false, "is_tips": false, "comment_count": 0, "contains_video_link": false, "contains_news_link": false, "contains_web_link": false, "extend_widget": "", "video_widget": "", "likes": [6], "dislikes": [], "notifications": [], "comments": []}}, {"model": "social.bit", "pk": 28, "fields": {"user": 1, "title": "Lots of fixes today", "image": "", "video": "", "body": "-Request too large error on file upload\r\n-Create bit form now shows formatting in body\r\n-File uploads now possible in create bit on mobile\r\n-Fixed a gap issue in home screen but profile still needs some work\r\n\r\nMore coming soon!", "created_at": "2022-08-11T03:22:46.777Z", "bit_type": "chat", "like_count": 0, "dislike_count": 0, "is_public": false, "is_tips": false, "comment_count": 0, "contains_video_link": false, "contains_news_link": false, "contains_web_link": false, "extend_widget": "", "video_widget": "", "likes": [2], "dislikes": [], "notifications": [], "comments": []}}, {"model": "social.bit", "pk": 29, "fields": {"user": 1, "title": "The CDN is now Active", "image": "", "video": "", "body": "Yourbit is delivering content at a faster speed and more securely through cloudflare", "created_at": "2022-08-11T22:57:41.902Z", "bit_type": "chat", "like_count": 0, "dislike_count": 0, "is_public": false, "is_tips": false, "comment_count": 0, "contains_video_link": false, "contains_news_link": false, "contains_web_link": false, "extend_widget": "", "video_widget": "", "likes": [2], "dislikes": [], "notifications": [], "comments": []}}, {"model": "social.bit", "pk": 30, "fields": {"user": 1, "title": "", "image": "", "video": "", "body": "I made new search for mobile, have not tested or deployed yet, but hope to tonight ", "created_at": "2022-08-12T16:17:48.499Z", "bit_type": "chat", "like_count": 0, "dislike_count": 0, "is_public": false, "is_tips": false, "comment_count": 0, "contains_video_link": false, "contains_news_link": false, "contains_web_link": false, "extend_widget": "", "video_widget": "", "likes": [], "dislikes": [], "notifications": [], "comments": []}}, {"model": "social.bit", "pk": 31, "fields": {"user": 1, "title": "Lol", "image": "", "video": "", "body": "search didn’t work", "created_at": "2022-08-13T14:22:32.504Z", "bit_type": "chat", "like_count": 0, "dislike_count": 0, "is_public": false, "is_tips": false, "comment_count": 0, "contains_video_link": false, "contains_news_link": false, "contains_web_link": false, "extend_widget": "", "video_widget": "", "likes": [], "dislikes": [], "notifications": [], "comments": []}}, {"model": "social.bit", "pk": 33, "fields": {"user": 1, "title": "What!?", "image": "", "video": "", "body": "My post posted twice again", "created_at": "2022-08-13T14:22:57.824Z", "bit_type": "chat", "like_count": 0, "dislike_count": 0, "is_public": false, "is_tips": false, "comment_count": 0, "contains_video_link": false, "contains_news_link": false, "contains_web_link": false, "extend_widget": "", "video_widget": "", "likes": [], "dislikes": [], "notifications": [], "comments": []}}, {"model": "social.bit", "pk": 35, "fields": {"user": 1, "title": "", "image": "", "video": "", "body": "oh no, i know what’s wrong, they’re all posting twice", "created_at": "2022-08-13T14:23:28.154Z", "bit_type": "chat", "like_count": 0, "dislike_count": 0, "is_public": false, "is_tips": false, "comment_count": 0, "contains_video_link": false, "contains_news_link": false, "contains_web_link": false, "extend_widget": "", "video_widget": "", "likes": [], "dislikes": [], "notifications": [], "comments": []}}, {"model": "social.bit", "pk": 37, "fields": {"user": 1, "title": "test", "image": "", "video": "", "body": "test", "created_at": "2022-08-13T23:30:08.290Z", "bit_type": "chat", "like_count": 0, "dislike_count": 0, "is_public": false, "is_tips": false, "comment_count": 0, "contains_video_link": false, "contains_news_link": false, "contains_web_link": false, "extend_widget": "", "video_widget": "", "likes": [], "dislikes": [], "notifications": [], "comments": []}}, {"model": "social.bit", "pk": 38, "fields": {"user": 1, "title": "", "image": "", "video": "", "body": "Ok it’s not posting twice anymore", "created_at": "2022-08-13T23:30:20.410Z", "bit_type": "chat", "like_count": 0, "dislike_count": 0, "is_public": false, "is_tips": false, "comment_count": 0, "contains_video_link": false, "contains_news_link": false, "contains_web_link": false, "extend_widget": "", "video_widget": "", "likes": [6], "dislikes": [], "notifications": [], "comments": []}}, {"model": "social.bit", "pk": 39, "fields": {"user": 1, "title": "Search is functional!", "image": "", "video": "", "body": "We are having an issue with friends profiles, can’t scroll, likely the same problem as before, just didn’t apply the changes across all of scenarios.", "created_at": "2022-08-15T04:16:37.633Z", "bit_type": "chat", "like_count": 0, "dislike_count": 0, "is_public": false, "is_tips": false, "comment_count": 0, "contains_video_link": false, "contains_news_link": false, "contains_web_link": false, "extend_widget": "", "video_widget": "", "likes": [6], "dislikes": [], "notifications": [], "comments": []}}, {"model": "social.bit", "pk": 40, "fields": {"user": 1, "title": "", "image": "", "video": "", "body": "Messages are coming soon.", "created_at": "2022-08-15T04:16:48.007Z", "bit_type": "chat", "like_count": 0, "dislike_count": 0, "is_public": false, "is_tips": false, "comment_count": 0, "contains_video_link": false, "contains_news_link": false, "contains_web_link": false, "extend_widget": "", "video_widget": "", "likes": [6], "dislikes": [], "notifications": [], "comments": []}}, {"model": "social.bit", "pk": 41, "fields": {"user": 1, "title": "Final things before public release", "image": "", "video": "", "body": "-UI Polishing, finish up all missing elements\r\n-Wire up settings to feed object, personalization object, but object, and profile object\r\n-Notification system \r\n-Messages", "created_at": "2022-08-15T04:18:48.175Z", "bit_type": "chat", "like_count": 0, "dislike_count": 0, "is_public": false, "is_tips": false, "comment_count": 0, "contains_video_link": false, "contains_news_link": false, "contains_web_link": false, "extend_widget": "", "video_widget": "", "likes": [5, 6], "dislikes": [], "notifications": [], "comments": []}}, {"model": "social.bit", "pk": 42, "fields": {"user": 1, "title": "", "image": "", "video": "", "body": "I keep skipping comments on mobile too. All I have to do is reveal those and figure out where I want to add the text field", "created_at": "2022-08-15T16:05:26.360Z", "bit_type": "chat", "like_count": 0, "dislike_count": 0, "is_public": false, "is_tips": false, "comment_count": 0, "contains_video_link": false, "contains_news_link": false, "contains_web_link": false, "extend_widget": "", "video_widget": "", "likes": [6], "dislikes": [], "notifications": [], "comments": []}}, {"model": "social.bit", "pk": 43, "fields": {"user": 1, "title": "", "image": "media/16889CA0-8ECE-40B7-BD2E-BE4E757BE49A.jpeg", "video": "", "body": "Comments have been on desktop already. It looks like i also need to make create but remember what is in text fields when changing bit type.", "created_at": "2022-08-15T16:09:28.265Z", "bit_type": "photo", "like_count": 0, "dislike_count": 0, "is_public": false, "is_tips": false, "comment_count": 0, "contains_video_link": false, "contains_news_link": false, "contains_web_link": false, "extend_widget": "", "video_widget": "", "likes": [5, 6], "dislikes": [], "notifications": [], "comments": []}}, {"model": "social.bit", "pk": 44, "fields": {"user": 1, "title": "", "image": "", "video": "", "body": "just a little more work on notifications, then I'm moving on to messages. Ive added putting the private drop down in create but to my list of things to do.", "created_at": "2022-08-16T05:05:41.764Z", "bit_type": "chat", "like_count": 0, "dislike_count": 0, "is_public": false, "is_tips": false, "comment_count": 0, "contains_video_link": false, "contains_news_link": false, "contains_web_link": false, "extend_widget": "", "video_widget": "", "likes": [2, 6], "dislikes": [], "notifications": [], "comments": []}}, {"model": "social.bit", "pk": 45, "fields": {"user": 5, "title": "", "image": "", "video": "", "body": "Well hello!", "created_at": "2022-08-23T02:36:38.179Z", "bit_type": "chat", "like_count": 0, "dislike_count": 0, "is_public": false, "is_tips": false, "comment_count": 0, "contains_video_link": false, "contains_news_link": false, "contains_web_link": false, "extend_widget": "", "video_widget": "", "likes": [], "dislikes": [], "notifications": [], "comments": []}}, {"model": "social.bit", "pk": 46, "fields": {"user": 1, "title": "My characters will be joining.", "image": "", "video": "", "body": "I made a bunch of fake characters in the early development phases of yourbit and interacted with each other character through them. They are migrating to yourbit but i will be giving them upgrades. They are a test for autonomous yourbit profile management with internally provided bots. This way we can keep all external bots out and still allow those with large audiences to apply account automation.", "created_at": "2022-08-23T20:47:11.192Z", "bit_type": "chat", "like_count": 0, "dislike_count": 0, "is_public": false, "is_tips": false, "comment_count": 0, "contains_video_link": false, "contains_news_link": false, "contains_web_link": false, "extend_widget": "", "video_widget": "", "likes": [6], "dislikes": [], "notifications": [], "comments": []}}, {"model": "social.bit", "pk": 47, "fields": {"user": 6, "title": "I love yourbit!", "image": "", "video": "", "body": "This is the best website yet", "created_at": "2022-08-25T02:36:07.469Z", "bit_type": "chat", "like_count": 0, "dislike_count": 0, "is_public": false, "is_tips": false, "comment_count": 0, "contains_video_link": false, "contains_news_link": false, "contains_web_link": false, "extend_widget": "", "video_widget": "", "likes": [1, 6], "dislikes": [], "notifications": [], "comments": [3]}}, {"model": "social.bit", "pk": 48, "fields": {"user": 1, "title": "", "image": "", "video": "media/68309034784__D24584A7-6D5F-45C4-A620-A1B90FC74E9A.MOV", "body": "", "created_at": "2022-08-25T03:19:26.242Z", "bit_type": "video", "like_count": 0, "dislike_count": 0, "is_public": false, "is_tips": false, "comment_count": 0, "contains_video_link": false, "contains_news_link": false, "contains_web_link": false, "extend_widget": "", "video_widget": "", "likes": [2, 6], "dislikes": [], "notifications": [], "comments": [4]}}, {"model": "social.bit", "pk": 50, "fields": {"user": 6, "title": "", "image": "", "video": "media/trim.8EFE9C76-0178-44B1-AF61-886BCA99A4D7.MOV", "body": "", "created_at": "2022-08-25T03:19:46.331Z", "bit_type": "video", "like_count": 0, "dislike_count": 0, "is_public": false, "is_tips": false, "comment_count": 0, "contains_video_link": false, "contains_news_link": false, "contains_web_link": false, "extend_widget": "", "video_widget": "", "likes": [6], "dislikes": [], "notifications": [], "comments": [2]}}, {"model": "social.bit", "pk": 51, "fields": {"user": 6, "title": "", "image": "", "video": "media/trim.167D7E50-B84B-4078-90E7-B9284670FCE4.MOV", "body": "", "created_at": "2022-08-25T03:23:07.719Z", "bit_type": "video", "like_count": 0, "dislike_count": 0, "is_public": false, "is_tips": false, "comment_count": 0, "contains_video_link": false, "contains_news_link": false, "contains_web_link": false, "extend_widget": "", "video_widget": "", "likes": [6], "dislikes": [], "notifications": [], "comments": []}}, {"model": "social.bit", "pk": 52, "fields": {"user": 6, "title": "", "image": "", "video": "media/trim.7746F7E3-F092-4358-9277-8763760AE200.MOV", "body": "", "created_at": "2022-08-25T03:25:45.109Z", "bit_type": "video", "like_count": 0, "dislike_count": 0, "is_public": false, "is_tips": false, "comment_count": 0, "contains_video_link": false, "contains_news_link": false, "contains_web_link": false, "extend_widget": "", "video_widget": "", "likes": [6], "dislikes": [], "notifications": [], "comments": []}}, {"model": "social.bit", "pk": 53, "fields": {"user": 6, "title": "", "image": "media/C0072873-77A2-4459-B612-61FFF54CA00C.jpeg", "video": "", "body": "Period.", "created_at": "2022-08-25T03:28:35.602Z", "bit_type": "photo", "like_count": 0, "dislike_count": 0, "is_public": false, "is_tips": false, "comment_count": 0, "contains_video_link": false, "contains_news_link": false, "contains_web_link": false, "extend_widget": "", "video_widget": "", "likes": [6], "dislikes": [], "notifications": [], "comments": []}}, {"model": "social.bit", "pk": 54, "fields": {"user": 6, "title": "", "image": "media/C0072873-77A2-4459-B612-61FFF54CA00C.jpeg", "video": "", "body": "Period.", "created_at": "2022-08-25T03:28:36.731Z", "bit_type": "photo", "like_count": 0, "dislike_count": 0, "is_public": false, "is_tips": false, "comment_count": 0, "contains_video_link": false, "contains_news_link": false, "contains_web_link": false, "extend_widget": "", "video_widget": "", "likes": [6], "dislikes": [], "notifications": [], "comments": []}}, {"model": "social.bit", "pk": 55, "fields": {"user": 6, "title": "", "image": "media/3DCA306A-4BB5-4DF9-BD67-A8030C1328BB.jpeg", "video": "", "body": "I can’t believe this happened to Soulja Boy", "created_at": "2022-08-26T00:08:15.468Z", "bit_type": "photo", "like_count": 0, "dislike_count": 0, "is_public": false, "is_tips": false, "comment_count": 0, "contains_video_link": false, "contains_news_link": false, "contains_web_link": false, "extend_widget": "", "video_widget": "", "likes": [6], "dislikes": [], "notifications": [], "comments": []}}, {"model": "social.bit", "pk": 56, "fields": {"user": 1, "title": "", "image": "", "video": "", "body": "hello", "created_at": "2022-08-27T02:57:02.632Z", "bit_type": "chat", "like_count": 0, "dislike_count": 0, "is_public": false, "is_tips": false, "comment_count": 0, "contains_video_link": false, "contains_news_link": false, "contains_web_link": false, "extend_widget": "", "video_widget": "", "likes": [1, 6], "dislikes": [], "notifications": [], "comments": [24]}}, {"model": "social.bit", "pk": 57, "fields": {"user": 2, "title": "", "image": "", "video": "", "body": "This is starting to look good", "created_at": "2022-08-28T17:02:33.280Z", "bit_type": "chat", "like_count": 0, "dislike_count": 0, "is_public": false, "is_tips": false, "comment_count": 0, "contains_video_link": false, "contains_news_link": false, "contains_web_link": false, "extend_widget": "", "video_widget": "", "likes": [1], "dislikes": [], "notifications": [], "comments": [23]}}, {"model": "social.bit", "pk": 58, "fields": {"user": 6, "title": "", "image": "media/BD3F99C8-1FE0-4AE4-9F5A-BE65F8727A19.jpeg", "video": "", "body": "", "created_at": "2022-08-29T03:38:05.360Z", "bit_type": "photo", "like_count": 0, "dislike_count": 0, "is_public": false, "is_tips": false, "comment_count": 0, "contains_video_link": false, "contains_news_link": false, "contains_web_link": false, "extend_widget": "", "video_widget": "", "likes": [6], "dislikes": [], "notifications": [], "comments": []}}, {"model": "social.bit", "pk": 59, "fields": {"user": 6, "title": "", "image": "", "video": "media/trim.4337FB05-6CBA-4CD2-AEB2-B17ED952F346.MOV", "body": "", "created_at": "2022-08-29T03:55:16.538Z", "bit_type": "video", "like_count": 0, "dislike_count": 0, "is_public": false, "is_tips": false, "comment_count": 0, "contains_video_link": false, "contains_news_link": false, "contains_web_link": false, "extend_widget": "", "video_widget": "", "likes": [6], "dislikes": [1], "notifications": [], "comments": []}}, {"model": "social.bit", "pk": 60, "fields": {"user": 6, "title": "", "image": "", "video": "media/trim.B6384E98-7709-40B3-B507-289F4C74E147.MOV", "body": "", "created_at": "2022-08-30T00:19:43.269Z", "bit_type": "video", "like_count": 0, "dislike_count": 0, "is_public": false, "is_tips": false, "comment_count": 0, "contains_video_link": false, "contains_news_link": false, "contains_web_link": false, "extend_widget": "", "video_widget": "", "likes": [6], "dislikes": [], "notifications": [], "comments": [22]}}, {"model": "social.bit", "pk": 62, "fields": {"user": 1, "title": "Youtube videos on yourbit", "image": "", "video": "", "body": "Tho there seems to be some limitations im trying to figure out\r\nhttps://youtu.be/NafDRzt2MyY", "created_at": "2022-09-02T04:54:09.246Z", "bit_type": "video_link", "like_count": 0, "dislike_count": 0, "is_public": false, "is_tips": false, "comment_count": 0, "contains_video_link": true, "contains_news_link": false, "contains_web_link": false, "extend_widget": "<iframe style=\"margin-top: 5px;\" width=\"98%\" height=\"fit-content\" src=\"https://www.youtube.com/embed/NafDRzt2MyY\" title=\"YouTube video player\" frameborder=\"0\" allow=\"accelerometer; autoplay; clipboard-write; encrypted-media; gyroscope; picture-in-picture\" allowfullscreen></iframe>", "video_widget": "", "likes": [6], "dislikes": [], "notifications": [], "comments": [8, 18, 19]}}, {"model": "social.bit", "pk": 63, "fields": {"user": 1, "title": "", "image": "", "video": "", "body": "I forgot about the scaling issues on the videos ill fix that for sunday", "created_at": "2022-09-02T04:54:42.166Z", "bit_type": "chat", "like_count": 0, "dislike_count": 0, "is_public": false, "is_tips": false, "comment_count": 0, "contains_video_link": false, "contains_news_link": false, "contains_web_link": false, "extend_widget": "", "video_widget": "", "likes": [6], "dislikes": [], "notifications": [], "comments": [5, 7, 10, 11, 12, 13, 15, 16, 17]}}, {"model": "social.bit", "pk": 65, "fields": {"user": 6, "title": "", "image": "", "video": "media/trim.6CEE223B-92FD-4B22-BF0F-4AE7EDC76F76.MOV", "body": "", "created_at": "2022-09-03T16:04:12.919Z", "bit_type": "video", "like_count": 0, "dislike_count": 0, "is_public": false, "is_tips": false, "comment_count": 0, "contains_video_link": false, "contains_news_link": false, "contains_web_link": false, "extend_widget": "", "video_widget": "", "likes": [1, 6], "dislikes": [], "notifications": [], "comments": [6, 9, 14, 20, 21, 28, 35]}}, {"model": "social.bit", "pk": 67, "fields": {"user": 9, "title": "Good Morning Vietnam!!", "image": "", "video": "", "body": "Yourbit is alive!! It’s alive!!", "created_at": "2022-09-04T16:40:21.826Z", "bit_type": "chat", "like_count": 0, "dislike_count": 0, "is_public": false, "is_tips": false, "comment_count": 0, "contains_video_link": false, "contains_news_link": false, "contains_web_link": false, "extend_widget": "", "video_widget": "", "likes": [], "dislikes": [], "notifications": [], "comments": []}}, {"model": "social.bit", "pk": 68, "fields": {"user": 1, "title": "Comments are now functional", "image": "", "video": "", "body": "Dad should change his colors \r\n\r\nyourbit.me/onboarding", "created_at": "2022-09-07T18:58:59.348Z", "bit_type": "chat", "like_count": 0, "dislike_count": 0, "is_public": false, "is_tips": false, "comment_count": 0, "contains_video_link": false, "contains_news_link": false, "contains_web_link": false, "extend_widget": "", "video_widget": "", "likes": [1], "dislikes": [], "notifications": [], "comments": [25]}}, {"model": "social.bit", "pk": 69, "fields": {"user": 1, "title": "Huh so tigers do meow", "image": "", "video": "", "body": "https://youtu.be/664FAPX33hY", "created_at": "2022-09-07T19:07:51.672Z", "bit_type": "video_link", "like_count": 0, "dislike_count": 0, "is_public": false, "is_tips": false, "comment_count": 0, "contains_video_link": true, "contains_news_link": false, "contains_web_link": false, "extend_widget": "<iframe style=\"margin-top: 5px;\" width=\"98%\" height=\"fit-content\" src=\"https://www.youtube.com/embed/664FAPX33hY\" title=\"YouTube video player\" frameborder=\"0\" allow=\"accelerometer; autoplay; clipboard-write; encrypted-media; gyroscope; picture-in-picture\" allowfullscreen></iframe>", "video_widget": "", "likes": [], "dislikes": [1], "notifications": [], "comments": [32, 34]}}, {"model": "social.bit", "pk": 70, "fields": {"user": 4, "title": "", "image": "", "video": "", "body": "Hello", "created_at": "2022-09-07T20:41:50.462Z", "bit_type": "chat", "like_count": 0, "dislike_count": 0, "is_public": false, "is_tips": false, "comment_count": 0, "contains_video_link": false, "contains_news_link": false, "contains_web_link": false, "extend_widget": "", "video_widget": "", "likes": [6], "dislikes": [], "notifications": [], "comments": []}}, {"model": "social.bit", "pk": 71, "fields": {"user": 4, "title": "", "image": "media/961348157fe745d9.jpeg", "video": "", "body": "Wow! Glad we stopped the MADMAN who was in charge over there!", "created_at": "2022-09-07T20:43:14.868Z", "bit_type": "photo", "like_count": 0, "dislike_count": 0, "is_public": false, "is_tips": false, "comment_count": 0, "contains_video_link": false, "contains_news_link": false, "contains_web_link": false, "extend_widget": "", "video_widget": "", "likes": [6], "dislikes": [], "notifications": [], "comments": []}}, {"model": "social.bit", "pk": 72, "fields": {"user": 4, "title": "", "image": "media/961348157fe745d9.jpeg", "video": "", "body": "Wow! Glad we stopped the MADMAN who was in charge over there!", "created_at": "2022-09-07T20:43:14.893Z", "bit_type": "photo", "like_count": 0, "dislike_count": 0, "is_public": false, "is_tips": false, "comment_count": 0, "contains_video_link": false, "contains_news_link": false, "contains_web_link": false, "extend_widget": "", "video_widget": "", "likes": [1, 6], "dislikes": [], "notifications": [], "comments": []}}, {"model": "social.bit", "pk": 73, "fields": {"user": 4, "title": "Bit #9999999999999999999", "image": "", "video": "", "body": "Very good work on the website Austin !  Please let me know how to change my color ! ", "created_at": "2022-09-07T21:02:13.126Z", "bit_type": "chat", "like_count": 0, "dislike_count": 0, "is_public": false, "is_tips": false, "comment_count": 0, "contains_video_link": false, "contains_news_link": false, "contains_web_link": false, "extend_widget": "", "video_widget": "", "likes": [1, 6], "dislikes": [], "notifications": [], "comments": [26, 27, 38]}}, {"model": "social.bit", "pk": 74, "fields": {"user": 4, "title": "", "image": "media/A0CCDF5A-75B4-43F0-93FD-7C6A9604AAD1.jpeg", "video": "media/FB_IMG_1661738658529.jpg", "body": "Stuff", "created_at": "2022-09-07T21:23:33Z", "bit_type": "photo", "like_count": 0, "dislike_count": 0, "is_public": false, "is_tips": false, "comment_count": 0, "contains_video_link": false, "contains_news_link": false, "contains_web_link": false, "extend_widget": "", "video_widget": "", "likes": [1, 6], "dislikes": [], "notifications": [], "comments": [29]}}, {"model": "social.bit", "pk": 75, "fields": {"user": 6, "title": "", "image": "media/28133D03-D4C8-416E-AC6A-ADC4F2A08830.jpeg", "video": "", "body": "Some kitty art", "created_at": "2022-09-08T01:53:21.439Z", "bit_type": "photo", "like_count": 0, "dislike_count": 0, "is_public": false, "is_tips": false, "comment_count": 0, "contains_video_link": false, "contains_news_link": false, "contains_web_link": false, "extend_widget": "", "video_widget": "", "likes": [1, 6], "dislikes": [], "notifications": [], "comments": [30, 36]}}, {"model": "social.bit", "pk": 76, "fields": {"user": 1, "title": "Personalization Page is a Mess", "image": "", "video": "", "body": "Will be fixed soon, just became a grounds for a bunch of experiments, but i have something really cool brewing.", "created_at": "2022-09-09T06:41:54.437Z", "bit_type": "chat", "like_count": 0, "dislike_count": 0, "is_public": false, "is_tips": false, "comment_count": 0, "contains_video_link": false, "contains_news_link": false, "contains_web_link": false, "extend_widget": "", "video_widget": "", "likes": [1, 6], "dislikes": [], "notifications": [], "comments": []}}, {"model": "social.bit", "pk": 77, "fields": {"user": 1, "title": "Yourbit is official!", "image": "", "video": "", "body": "Legal registration is now complete! Yourbit.me is Yourbit LLC. \r\n\r\nSoon were gonna start getting some people on here. There are a lot of exciting things ahead. But still a long road, for app store enrollment on apple we are waiting on our DUNS number. Same thing is needed for Google Play. \r\n\r\nUntil i get some help completing the app will take as much as a week per feature. I am going through now and finishing up each broken feature until its in its final state, one at a time.\r\n\r\nI do still need to register trademarks. And copyright the personalization system. ", "created_at": "2022-09-10T02:56:29.522Z", "bit_type": "chat", "like_count": 0, "dislike_count": 0, "is_public": false, "is_tips": false, "comment_count": 0, "contains_video_link": false, "contains_news_link": false, "contains_web_link": false, "extend_widget": "", "video_widget": "", "likes": [1, 6], "dislikes": [], "notifications": [], "comments": []}}, {"model": "social.bit", "pk": 78, "fields": {"user": 1, "title": "Test", "image": "", "video": "", "body": "Test", "created_at": "2022-09-10T03:12:02.285Z", "bit_type": "chat", "like_count": 0, "dislike_count": 0, "is_public": false, "is_tips": false, "comment_count": 0, "contains_video_link": false, "contains_news_link": false, "contains_web_link": false, "extend_widget": "", "video_widget": "", "likes": [1, 6], "dislikes": [], "notifications": [], "comments": []}}, {"model": "social.bit", "pk": 79, "fields": {"user": 1, "title": "", "image": "", "video": "", "body": "https://youtu.be/ltXUrojZ0mM", "created_at": "2022-09-10T22:12:53.405Z", "bit_type": "video_link", "like_count": 0, "dislike_count": 0, "is_public": false, "is_tips": false, "comment_count": 0, "contains_video_link": true, "contains_news_link": false, "contains_web_link": false, "extend_widget": "<iframe style=\"margin-top: 5px;\" width=\"98%\" height=\"fit-content\" src=\"https://www.youtube.com/embed/ltXUrojZ0mM\" title=\"YouTube video player\" frameborder=\"0\" allow=\"accelerometer; autoplay; clipboard-write; encrypted-media; gyroscope; picture-in-picture\" allowfullscreen></iframe>", "video_widget": "", "likes": [6], "dislikes": [], "notifications": [], "comments": []}}, {"model": "social.bit", "pk": 80, "fields": {"user": 1, "title": "Personalization Page is getting there", "image": "", "video": "", "body": "Now at least functional", "created_at": "2022-09-11T14:43:09.292Z", "bit_type": "chat", "like_count": 0, "dislike_count": 0, "is_public": false, "is_tips": false, "comment_count": 0, "contains_video_link": false, "contains_news_link": false, "contains_web_link": false, "extend_widget": "", "video_widget": "", "likes": [6], "dislikes": [], "notifications": [], "comments": [31]}}, {"model": "social.bit", "pk": 81, "fields": {"user": 1, "title": "The beginning of text edits", "image": "", "video": "", "body": "You can now set text alignment of bits, in a future update when advanced bit options come out you will be able to edit alignment of text on each bit.", "created_at": "2022-09-11T16:02:27.374Z", "bit_type": "chat", "like_count": 0, "dislike_count": 0, "is_public": false, "is_tips": false, "comment_count": 0, "contains_video_link": false, "contains_news_link": false, "contains_web_link": false, "extend_widget": "", "video_widget": "", "likes": [6], "dislikes": [10], "notifications": [], "comments": [33]}}, {"model": "social.bit", "pk": 82, "fields": {"user": 1, "title": "", "image": "", "video": "", "body": "Hello", "created_at": "2022-09-12T04:56:25.410Z", "bit_type": "chat", "like_count": 0, "dislike_count": 0, "is_public": false, "is_tips": false, "comment_count": 0, "contains_video_link": false, "contains_news_link": false, "contains_web_link": false, "extend_widget": "", "video_widget": "", "likes": [], "dislikes": [], "notifications": [], "comments": [37]}}, {"model": "social.bit", "pk": 83, "fields": {"user": 1, "title": "Some Update Goals this week:", "image": "", "video": "", "body": "•Feed and privacy settings pages\r\n•Finish mobile menu, needs new buttons: communities, connections, and a more button for things like adellites, yourbit merch, and yourbit money.\r\n•Community creation\r\n•Create a yourbit community\r\n•Make comment text color automatically adapt", "created_at": "2022-09-14T03:46:28.690Z", "bit_type": "chat", "like_count": 0, "dislike_count": 0, "is_public": false, "is_tips": false, "comment_count": 0, "contains_video_link": false, "contains_news_link": false, "contains_web_link": false, "extend_widget": "", "video_widget": "", "likes": [6], "dislikes": [], "notifications": [], "comments": []}}, {"model": "social.bit", "pk": 84, "fields": {"user": 1, "title": "", "image": "", "video": "", "body": "Can not for the life of me figure out how to deal with hiding toolbars. I cant get the posts to reposition correctly, but its slowing me down a lot so might move on to something else for a sec", "created_at": "2022-09-14T23:54:13.568Z", "bit_type": "chat", "like_count": 0, "dislike_count": 0, "is_public": false, "is_tips": false, "comment_count": 0, "contains_video_link": false, "contains_news_link": false, "contains_web_link": false, "extend_widget": "", "video_widget": "", "likes": [], "dislikes": [], "notifications": [], "comments": []}}, {"model": "social.bit", "pk": 85, "fields": {"user": 1, "title": "Took my cats for a walk today!", "image": "", "video": "", "body": "It was so fun", "created_at": "2022-09-14T23:57:51.947Z", "bit_type": "chat", "like_count": 0, "dislike_count": 0, "is_public": false, "is_tips": false, "comment_count": 0, "contains_video_link": false, "contains_news_link": false, "contains_web_link": false, "extend_widget": "", "video_widget": "", "likes": [6], "dislikes": [], "notifications": [], "comments": [39]}}, {"model": "social.bit", "pk": 86, "fields": {"user": 1, "title": "Hello World", "image": "", "video": "", "body": "Whats up!", "created_at": "2022-09-15T01:22:08.133Z", "bit_type": "chat", "like_count": 0, "dislike_count": 0, "is_public": false, "is_tips": false, "comment_count": 0, "contains_video_link": false, "contains_news_link": false, "contains_web_link": false, "extend_widget": "", "video_widget": "", "likes": [1], "dislikes": [], "notifications": [], "comments": []}}, {"model": "social.bit", "pk": 87, "fields": {"user": 6, "title": "", "image": "", "video": "media/trim.4C07530B-B420-445C-9A83-E8383CFCD6E8.MOV", "body": "", "created_at": "2022-09-15T03:25:52.225Z", "bit_type": "video", "like_count": 0, "dislike_count": 0, "is_public": false, "is_tips": false, "comment_count": 0, "contains_video_link": false, "contains_news_link": false, "contains_web_link": false, "extend_widget": "", "video_widget": "", "likes": [6], "dislikes": [], "notifications": [], "comments": []}}, {"model": "social.bit", "pk": 88, "fields": {"user": 6, "title": "", "image": "", "video": "media/trim.4C07530B-B420-445C-9A83-E8383CFCD6E8.MOV", "body": "", "created_at": "2022-09-15T03:25:56.553Z", "bit_type": "video", "like_count": 0, "dislike_count": 0, "is_public": false, "is_tips": false, "comment_count": 0, "contains_video_link": false, "contains_news_link": false, "contains_web_link": false, "extend_widget": "", "video_widget": "", "likes": [], "dislikes": [], "notifications": [], "comments": []}}, {"model": "social.bit", "pk": 89, "fields": {"user": 1, "title": "", "image": "", "video": "", "body": "Hello from the future ", "created_at": "2022-09-15T23:55:18.722Z", "bit_type": "chat", "like_count": 0, "dislike_count": 0, "is_public": false, "is_tips": false, "comment_count": 0, "contains_video_link": false, "contains_news_link": false, "contains_web_link": false, "extend_widget": "", "video_widget": "", "likes": [6], "dislikes": [], "notifications": [], "comments": []}}, {"model": "social.bit", "pk": 90, "fields": {"user": 4, "title": "", "image": "media/20220912_144325.jpg", "video": "", "body": "", "created_at": "2022-09-16T01:19:43.046Z", "bit_type": "photo", "like_count": 0, "dislike_count": 0, "is_public": false, "is_tips": false, "comment_count": 0, "contains_video_link": false, "contains_news_link": false, "contains_web_link": false, "extend_widget": "", "video_widget": "", "likes": [6], "dislikes": [], "notifications": [], "comments": [40]}}, {"model": "social.bit", "pk": 91, "fields": {"user": 1, "title": "Extremely Busy", "image": "", "video": "", "body": "So between legal registration, marketing, and programming, time is getting a little cramped with Yourbit. Yourbit is now approved to use the stripe connect API for accepting and distributing payments. I will be pushing to get the donation system implemented. Yourbit will be fundraising internally. Once thats done, Yourbit can be shared. We need donations to move forward with a few expensive tasks.", "created_at": "2022-09-18T14:15:54.602Z", "bit_type": "chat", "like_count": 0, "dislike_count": 0, "is_public": false, "is_tips": false, "comment_count": 0, "contains_video_link": false, "contains_news_link": false, "contains_web_link": false, "extend_widget": "", "video_widget": "", "likes": [], "dislikes": [], "notifications": [], "comments": [41]}}, {"model": "social.bit", "pk": 92, "fields": {"user": 1, "title": "", "image": "", "video": "", "body": "Bits are also gonna need overhauled again. Timezone conversion happens on feed load, the bits need to be loaded up in a different way. With this new method they will be prefetched in the backend. Which will actually make things a little bit faster. During prefetch, the date retrieved will be converted using pytz into the current timezone of the user. This will replace the actual UTC time in the database when sent to front end. ", "created_at": "2022-09-18T14:20:16.460Z", "bit_type": "chat", "like_count": 0, "dislike_count": 0, "is_public": false, "is_tips": false, "comment_count": 0, "contains_video_link": false, "contains_news_link": false, "contains_web_link": false, "extend_widget": "", "video_widget": "", "likes": [], "dislikes": [], "notifications": [], "comments": []}}, {"model": "social.bit", "pk": 93, "fields": {"user": 1, "title": "", "image": "", "video": "", "body": "ANOTHER THING. So the way the space buttons had to work i had to declare iframe as a global variable. So some places in code broke, because yeah, they were also named iframe, so i have to change names. This is what they warn you about when they say “becareful with global variables” this is why the create bit panel doesn't hide on submission and feed doesn't reload and toggling colors off does not apply immediately", "created_at": "2022-09-18T14:22:51.775Z", "bit_type": "chat", "like_count": 0, "dislike_count": 0, "is_public": false, "is_tips": false, "comment_count": 0, "contains_video_link": false, "contains_news_link": false, "contains_web_link": false, "extend_widget": "", "video_widget": "", "likes": [], "dislikes": [], "notifications": [], "comments": []}}, {"model": "social.bit", "pk": 94, "fields": {"user": 1, "title": "Test", "image": "", "video": "", "body": "Test", "created_at": "2022-09-18T15:28:21.360Z", "bit_type": "chat", "like_count": 0, "dislike_count": 0, "is_public": false, "is_tips": false, "comment_count": 0, "contains_video_link": false, "contains_news_link": false, "contains_web_link": false, "extend_widget": "", "video_widget": "", "likes": [], "dislikes": [], "notifications": [], "comments": []}}, {"model": "social.bit", "pk": 95, "fields": {"user": 4, "title": "", "image": "media/20220917_092337.jpg", "video": "", "body": "Kat", "created_at": "2022-09-18T20:57:22.506Z", "bit_type": "photo", "like_count": 0, "dislike_count": 0, "is_public": false, "is_tips": false, "comment_count": 0, "contains_video_link": false, "contains_news_link": false, "contains_web_link": false, "extend_widget": "", "video_widget": "", "likes": [1, 6], "dislikes": [], "notifications": [], "comments": [42]}}, {"model": "social.bit", "pk": 97, "fields": {"user": 4, "title": "", "image": "media/20220924_150006.jpg", "video": "", "body": "", "created_at": "2022-09-24T21:33:25.444Z", "bit_type": "photo", "like_count": 0, "dislike_count": 0, "is_public": false, "is_tips": false, "comment_count": 0, "contains_video_link": false, "contains_news_link": false, "contains_web_link": false, "extend_widget": "", "video_widget": "", "likes": [6], "dislikes": [], "notifications": [], "comments": [43, 44]}}, {"model": "social.bit", "pk": 98, "fields": {"user": 1, "title": "", "image": "", "video": "media/trim.41FB7E7E-3B09-4F8F-9C5B-7C72EDC60B78.MOV", "body": "", "created_at": "2022-09-25T15:35:46.915Z", "bit_type": "video", "like_count": 0, "dislike_count": 0, "is_public": false, "is_tips": false, "comment_count": 0, "contains_video_link": false, "contains_news_link": false, "contains_web_link": false, "extend_widget": "", "video_widget": "", "likes": [], "dislikes": [], "notifications": [], "comments": []}}, {"model": "social.bit", "pk": 99, "fields": {"user": 1, "title": "", "image": "", "video": "media/trim.41FB7E7E-3B09-4F8F-9C5B-7C72EDC60B78.MOV", "body": "", "created_at": "2022-09-25T15:35:57.460Z", "bit_type": "video", "like_count": 0, "dislike_count": 0, "is_public": false, "is_tips": false, "comment_count": 0, "contains_video_link": false, "contains_news_link": false, "contains_web_link": false, "extend_widget": "", "video_widget": "", "likes": [], "dislikes": [], "notifications": [], "comments": []}}, {"model": "social.comment", "pk": 1, "fields": {"comment": "Reload on desktop, success", "created_on": "2022-08-07T00:32:50.536Z", "user": 1, "bit": 2}}, {"model": "social.comment", "pk": 2, "fields": {"comment": "gross", "created_on": "2022-08-25T03:22:24.220Z", "user": 1, "bit": 50}}, {"model": "social.comment", "pk": 3, "fields": {"comment": "gross", "created_on": "2022-08-25T03:22:32.936Z", "user": 1, "bit": 47}}, {"model": "social.comment", "pk": 4, "fields": {"comment": "sick cats", "created_on": "2022-08-29T23:38:16.907Z", "user": 6, "bit": 48}}, {"model": "social.comment", "pk": 5, "fields": {"comment": "Thats cool", "created_on": "2022-09-07T16:57:58.012Z", "user": 1, "bit": 63}}, {"model": "social.comment", "pk": 6, "fields": {"comment": "Lol", "created_on": "2022-09-07T17:21:49.173Z", "user": 1, "bit": 65}}, {"model": "social.comment", "pk": 7, "fields": {"comment": "Another comment test", "created_on": "2022-09-07T18:24:29.593Z", "user": 1, "bit": 63}}, {"model": "social.comment", "pk": 8, "fields": {"comment": "Stupid", "created_on": "2022-09-07T18:24:46.862Z", "user": 1, "bit": 62}}, {"model": "social.comment", "pk": 9, "fields": {"comment": "Another test of comments", "created_on": "2022-09-07T18:44:57.492Z", "user": 1, "bit": 65}}, {"model": "social.comment", "pk": 10, "fields": {"comment": "Um", "created_on": "2022-09-07T18:45:25.392Z", "user": 1, "bit": 63}}, {"model": "social.comment", "pk": 11, "fields": {"comment": "Did it count up", "created_on": "2022-09-07T18:45:33.249Z", "user": 1, "bit": 63}}, {"model": "social.comment", "pk": 12, "fields": {"comment": "Yes", "created_on": "2022-09-07T18:45:42.399Z", "user": 1, "bit": 63}}, {"model": "social.comment", "pk": 13, "fields": {"comment": "I need some way to scroll", "created_on": "2022-09-07T18:45:53.388Z", "user": 1, "bit": 63}}, {"model": "social.comment", "pk": 14, "fields": {"comment": "Now this should scroll to bittom", "created_on": "2022-09-07T18:55:17.579Z", "user": 1, "bit": 65}}, {"model": "social.comment", "pk": 15, "fields": {"comment": "I guess the comment field disappears on videos", "created_on": "2022-09-07T18:55:28.131Z", "user": 1, "bit": 63}}, {"model": "social.comment", "pk": 16, "fields": {"comment": "Lets try this", "created_on": "2022-09-07T18:55:32.833Z", "user": 1, "bit": 63}}, {"model": "social.comment", "pk": 17, "fields": {"comment": "No! It worked on local lol", "created_on": "2022-09-07T18:55:41.391Z", "user": 1, "bit": 63}}, {"model": "social.comment", "pk": 18, "fields": {"comment": "Test", "created_on": "2022-09-07T18:56:12.513Z", "user": 1, "bit": 62}}, {"model": "social.comment", "pk": 19, "fields": {"comment": "Test", "created_on": "2022-09-07T18:56:16.264Z", "user": 1, "bit": 62}}, {"model": "social.comment", "pk": 20, "fields": {"comment": "Oh there it is", "created_on": "2022-09-07T18:56:32.507Z", "user": 1, "bit": 65}}, {"model": "social.comment", "pk": 21, "fields": {"comment": "See that scrolled why not chat bits", "created_on": "2022-09-07T18:56:42.031Z", "user": 1, "bit": 65}}, {"model": "social.comment", "pk": 22, "fields": {"comment": "No comments?", "created_on": "2022-09-07T18:57:50.480Z", "user": 1, "bit": 60}}, {"model": "social.comment", "pk": 23, "fields": {"comment": "Yeah you can comment now too", "created_on": "2022-09-07T18:58:05.027Z", "user": 1, "bit": 57}}, {"model": "social.comment", "pk": 24, "fields": {"comment": "Goodbye", "created_on": "2022-09-07T18:58:18.688Z", "user": 1, "bit": 56}}, {"model": "social.comment", "pk": 25, "fields": {"comment": "Oops wrong url, now i need to add editing bits", "created_on": "2022-09-07T18:59:27.004Z", "user": 1, "bit": 68}}, {"model": "social.comment", "pk": 26, "fields": {"comment": "Lol Ill be putting the new personalization page up tonight. I saw photos are still submitting twice.", "created_on": "2022-09-07T22:12:41.759Z", "user": 1, "bit": 73}}, {"model": "social.comment", "pk": 27, "fields": {"comment": "Yeah the default color of comments needs changed haha i thought i just did that", "created_on": "2022-09-07T22:12:58.555Z", "user": 1, "bit": 73}}, {"model": "social.comment", "pk": 28, "fields": {"comment": "Hey", "created_on": "2022-09-08T01:47:31.895Z", "user": 1, "bit": 65}}, {"model": "social.comment", "pk": 29, "fields": {"comment": "This is absolutely disheartening ", "created_on": "2022-09-08T01:48:50.031Z", "user": 6, "bit": 74}}, {"model": "social.comment", "pk": 30, "fields": {"comment": "Aw", "created_on": "2022-09-10T03:11:47.813Z", "user": 1, "bit": 75}}, {"model": "social.comment", "pk": 31, "fields": {"comment": "Cool", "created_on": "2022-09-11T14:43:47.506Z", "user": 1, "bit": 80}}, {"model": "social.comment", "pk": 32, "fields": {"comment": "Gross", "created_on": "2022-09-11T14:44:42.768Z", "user": 1, "bit": 69}}, {"model": "social.comment", "pk": 33, "fields": {"comment": "Ew.", "created_on": "2022-09-11T17:20:28.326Z", "user": 10, "bit": 81}}, {"model": "social.comment", "pk": 34, "fields": {"comment": "Hello", "created_on": "2022-09-12T03:38:09.127Z", "user": 1, "bit": 69}}, {"model": "social.comment", "pk": 35, "fields": {"comment": "This is awesome", "created_on": "2022-09-12T03:52:56.123Z", "user": 6, "bit": 65}}, {"model": "social.comment", "pk": 36, "fields": {"comment": "Kitties!", "created_on": "2022-09-12T04:54:09.475Z", "user": 1, "bit": 75}}, {"model": "social.comment", "pk": 37, "fields": {"comment": "Peace out", "created_on": "2022-09-12T04:56:36.902Z", "user": 1, "bit": 82}}, {"model": "social.comment", "pk": 38, "fields": {"comment": "Whats up", "created_on": "2022-09-12T21:59:46.948Z", "user": 1, "bit": 73}}, {"model": "social.comment", "pk": 39, "fields": {"comment": "Lol Im recording stuff for ads", "created_on": "2022-09-14T23:59:32.031Z", "user": 1, "bit": 85}}, {"model": "social.comment", "pk": 40, "fields": {"comment": "This is beautiful ", "created_on": "2022-09-17T14:53:03.036Z", "user": 6, "bit": 90}}, {"model": "social.comment", "pk": 41, "fields": {"comment": "Once implementing donations are done, not expecting you guys to donate, but if you want you can!", "created_on": "2022-09-18T14:17:02.683Z", "user": 1, "bit": 91}}, {"model": "social.comment", "pk": 42, "fields": {"comment": "Cool cat", "created_on": "2022-09-21T21:58:23.393Z", "user": 6, "bit": 95}}, {"model": "social.comment", "pk": 43, "fields": {"comment": "Damn Bro you got me", "created_on": "2022-09-24T23:07:17.083Z", "user": 6, "bit": 97}}, {"model": "social.comment", "pk": 44, "fields": {"comment": "That's what it is", "created_on": "2022-09-25T03:28:32.569Z", "user": 1, "bit": 97}}, {"model": "social.notification", "pk": 2, "fields": {"notification_type": 4, "to_user": 2, "from_user": 5, "bit": null, "comment": null, "date": "2022-08-23T02:39:22.378Z", "user_has_seen": false}}, {"model": "social.notification", "pk": 4, "fields": {"notification_type": 4, "to_user": 5, "from_user": 6, "bit": null, "comment": null, "date": "2022-08-25T02:50:16.887Z", "user_has_seen": false}}, {"model": "social.notification", "pk": 6, "fields": {"notification_type": 4, "to_user": 2, "from_user": 6, "bit": null, "comment": null, "date": "2022-08-29T03:35:19.918Z", "user_has_seen": false}}, {"model": "social.notification", "pk": 7, "fields": {"notification_type": 4, "to_user": 3, "from_user": 6, "bit": null, "comment": null, "date": "2022-08-29T03:36:51.539Z", "user_has_seen": false}}, {"model": "social.notification", "pk": 8, "fields": {"notification_type": 4, "to_user": 7, "from_user": 6, "bit": null, "comment": null, "date": "2022-09-03T16:02:34.585Z", "user_has_seen": false}}, {"model": "social.notification", "pk": 10, "fields": {"notification_type": 4, "to_user": 8, "from_user": 9, "bit": null, "comment": null, "date": "2022-09-04T16:40:34.780Z", "user_has_seen": false}}, {"model": "social.notification", "pk": 11, "fields": {"notification_type": 4, "to_user": 2, "from_user": 9, "bit": null, "comment": null, "date": "2022-09-04T16:40:44.309Z", "user_has_seen": false}}, {"model": "social.notification", "pk": 13, "fields": {"notification_type": 4, "to_user": 9, "from_user": 1, "bit": null, "comment": null, "date": "2022-09-07T00:07:35.196Z", "user_has_seen": false}}, {"model": "social.notification", "pk": 16, "fields": {"notification_type": 4, "to_user": 9, "from_user": 10, "bit": null, "comment": null, "date": "2022-09-11T17:20:54.643Z", "user_has_seen": false}}]